,sentence,option1,option2,qID
0,Ian volunteered to eat Dennis's menudo after already having a bowl because _ despised eating intestine.,Ian,Dennis,3QHITW7OYO7Q6B6ISU2UMJB84ZLAQE-2
1,Ian volunteered to eat Dennis's menudo after already having a bowl because _ enjoyed eating intestine.,Ian,Dennis,3QHITW7OYO7Q6B6ISU2UMJB84ZLAQE-1
2,"He never comes to my home, but I always go to his house because the _ is smaller.",home,house,3XWUWJ18TLO2DDRXF83QWLKRJ29UU4-1
3,"He never comes to my home, but I always go to his house because the _ is bigger.",home,house,3XWUWJ18TLO2DDRXF83QWLKRJ29UU4-2
4,The treasury workers took the gold bars off of the trolley and stacked them in the safe until the _ was empty.,safe,trolley,304QEQWKZRY6EBUR5DPX06S39IH0OJ-2
5,The treasury workers took the gold bars off of the trolley and stacked them in the safe until the _ was full.,safe,trolley,304QEQWKZRY6EBUR5DPX06S39IH0OJ-1
6,I picked up a bag of peanuts and raisins for a snack. I wanted a sweeter snack out so I stored the _ for now.,raisins,peanuts,3NRZ1LDP7W4677DB493437C7D3WZP2-2
7,I picked up a bag of peanuts and raisins for a snack. I wanted a sweeter snack out so I ate the _ for now.,raisins,peanuts,3NRZ1LDP7W4677DB493437C7D3WZP2-1
12,"Elena had a horrendous coughing fit from the pollen, unlike Tanya , since _ was immune to allergies.",Elena,Tanya,3R6RZGK0XHQY1QZ9EXMKNQGVHU3YV6-2
13,"Elena had a horrendous coughing fit from the pollen, unlike Tanya , since _ was susceptible to allergies.",Elena,Tanya,3R6RZGK0XHQY1QZ9EXMKNQGVHU3YV6-1
16,Natalie thinks emeralds are beautiful gems but Betty does not. _ bought a necklace featuring a big diamond.,Natalie,Betty,3MDKGGG61QL2BPM7JLFDBJK9SLJ6TJ-2
17,Natalie thinks emeralds are beautiful gems but Betty does not. _ bought a necklace featuring a big emerald.,Natalie,Betty,3MDKGGG61QL2BPM7JLFDBJK9SLJ6TJ-1
18,"Kyle was more comfortable speaking in front of large groups than Nick, because _ had taken public speaking courses in college.",Kyle,Nick,3P4ZBJFX2XH5GOIJZHZSK7STICEFW3-1
19,"Kyle was more comfortable speaking in front of large groups than Nick, because _ was not able to take public speaking courses in college.",Kyle,Nick,3P4ZBJFX2XH5GOIJZHZSK7STICEFW3-2
20,In the lagoon Emily swam in the nude while Felicia opted for a full body swimsuit. _ was very hesitant with showing their body.,Emily,Felicia,34OWYT6U3WFZKU8UNGJLHM92CQ3I9S-2
21,In the lagoon Emily swam in the nude while Felicia opted for a full body swimsuit. _ was very free with showing their body.,Emily,Felicia,34OWYT6U3WFZKU8UNGJLHM92CQ3I9S-1
24,Nick had a bigger dog than Craig because _ fed their dog much more food.,Nick,Craig,3J94SKDEKINZBWQWSC5TE9ONT9BD5S-1
25,Nick had a smaller dog than Craig because _ fed their dog much more food.,Nick,Craig,3J94SKDEKINZBWQWSC5TE9ONT9BD5S-2
26,The contract could not be drafted at the business during that day because the _ was too small to care about.,contract,business,3WRBLBQ2GTMIMYDTHUCPVXJ2JTP0GS-1
27,The contract could not be drafted at the business during that day because the _ was too big to care about it.,contract,business,3WRBLBQ2GTMIMYDTHUCPVXJ2JTP0GS-2
30,"Brian had a large collection of coins that Kevin really admired, so _ asked him for some duplicates.",Brian,Kevin,3B6F54KMR2A6P38VOFY66IX6ND11SG-2
31,"Brian had a large collection of coins that Kevin really admired, so _ offered him some duplicates.",Brian,Kevin,3B6F54KMR2A6P38VOFY66IX6ND11SG-1
34,"Neil agreed to help wash Adam's large dog, and _ was very eager to help.",Neil,Adam,3ZQX1VYFTD392B0NGJQC1NAD4V4O8S-1
35,"Neil agreed to help wash Adam's large dog, and _ was very grateful for the help.",Neil,Adam,3ZQX1VYFTD392B0NGJQC1NAD4V4O8S-2
40,John cared for the pot while it was being transported in the box but it eventually got broken. The _ is hard.,pot,box,38Z7YZ2SB5GK6IONOG67VFN0CNPIQ1-2
41,John cared for the pot while it was being transported in the box but it eventually got broken. The _ is fragile.,pot,box,38Z7YZ2SB5GK6IONOG67VFN0CNPIQ1-1
42,Lawrence made a bowl at the pottery store and Randy accidentally broke it. _ decided to make another.,Lawrence,Randy,30Y6N4AHYRA3A8N19HUW98HSF1TDRY-1
43,Lawrence made a bowl at the pottery store and Randy accidentally broke it. _ offered to make another.,Lawrence,Randy,30Y6N4AHYRA3A8N19HUW98HSF1TDRY-2
48,"The theraband that Jill purchased for herself would not fit around her leg, the _ was too wide.",theraband,leg,39AYGO6AFFI4GCHNMPT12KEH8NL6NF-2
49,"The theraband that Jill purchased for herself would not fit around her leg, the _ was too narrow.",theraband,leg,39AYGO6AFFI4GCHNMPT12KEH8NL6NF-1
56,"Jessica often experiences severe nausea, Victoria does not therefore _ often rides big roller coasters.",Jessica,Victoria,38DCH97KHH01749MM0F7FIERULOJQA-2
57,"Adam adored his grandmother, William.  _ got a big surprise with a trip to Europe.",Adam,William,31S7M7DAGI4ZOZOLQNXFS0QEB4XTLR-2
60,Emptying the litter box was a dreaded chore for Adam while Lawrence didn't mind doing it. _ never tried to get someone else to handle it.,Adam,Lawrence,35U0MRQMUJ57DNW0OC1MT1ULA7DOVS-2
61,Emptying the litter box was a dreaded chore for Adam while Lawrence didn't mind doing it. _ always tried to get someone else to handle it.,Adam,Lawrence,35U0MRQMUJ57DNW0OC1MT1ULA7DOVS-1
64,The gathered  stones in the bag outweigh the collected coins because the _ are small in numbers.,stones,coins,3G3AJKPCXN6Z7DGUU1LXE0GI4024YC-2
65,The gathered stones in the bag outweigh the collected coins because the _ are much in numbers.,stones,coins,3G3AJKPCXN6Z7DGUU1LXE0GI4024YC-1
66,"Eating sweets was a big problem for Carrie but not for Rebecca, thats why _ has a small waistline.",Carrie,Rebecca,3K8CQCU3KEZ2ARWTD7650EDUR71WNO-2
67,"Eating sweets was a big problem for Carrie but not for Rebecca, thats why _ has a large waistline.",Carrie,Rebecca,3K8CQCU3KEZ2ARWTD7650EDUR71WNO-1
70,Katrina loves the taste of lettuce but Angela doesn't. _ ordered a big salad for dinner.,Katrina,Angela,3PCPFX4U40OL22NQ3AOM0KMZ1DNFQH-1
71,Katrina loves the taste of lettuce but Angela doesn't. _ ordered a big steak for dinner.,Katrina,Angela,3PCPFX4U40OL22NQ3AOM0KMZ1DNFQH-2
74,She was never able to use lash curlers on her lashes because the _ are too large.,lashes,curlers,3KQC8JMJGE6S3M71KNCQIVT908NH37-2
75,He found he had baking powder for the cake but borrowed baking soda from his neighbor since the _ was full.,soda,powder,3VADEH0UHEBO0KQ4TFLWZC3DGTESPT-2
76,He found he had baking powder for the cake but borrowed baking soda from his neighbor since the _ was empty.,soda,powder,3VADEH0UHEBO0KQ4TFLWZC3DGTESPT-1
77,"Jason was bald, but Hunter had a full head of hair, so _ had no need to buy hair gel.",Jason,Hunter,3OEWW2KGQJ9LJ6WEXR1SNFOEAZPDOW-1
78,"Jason was bald, but Hunter had a full head of hair, so _ needed to buy hair gel.",Jason,Hunter,3OEWW2KGQJ9LJ6WEXR1SNFOEAZPDOW-2
82,"She wanted to make a toilet paper roll butterfly by using the roll's tube and paint, but was unable to finish because the _ was too large.",paint,tube,31GN6YMHLR6EKTN551ZRR6B98MFSWD-2
83,Jennifer liked to smoke pot but Laura like to smoke cigars. _ wound up in the local jail for smoking their favorite thing in public.,Jennifer,Laura,35ZRNT9RUKC2V3TOO07G24QACWE3OY-1
84,Jennifer liked to smoke pot but Laura like to smoke cigars. _ avoided the local jail for smoking their favorite thing in public.,Jennifer,Laura,35ZRNT9RUKC2V3TOO07G24QACWE3OY-2
85,Michael had to dispose of his water before entering unlike Eric because _ cup was empty.,Michael,Eric,3FO95NVK5EE9CX6J67PL473RF3HSRG-2
86,Michael had to dispose of his water before entering unlike Eric because _ cup was full.,Michael,Eric,3FO95NVK5EE9CX6J67PL473RF3HSRG-1
87,Dennis backed Nelson into the small corner during the heated argument because _ was submissive.,Dennis,Nelson,35YHTYFL1IHS1ZIE97UWY59FBTRVF4-2
88,Dennis backed Nelson into the small corner during the heated argument because _ was dominant.,Dennis,Nelson,35YHTYFL1IHS1ZIE97UWY59FBTRVF4-1
94,The seamstress wanted to sew the button on the collar of the coat but the _ was too big.,collar,button,3NSM4HLQNRSITRDZHQZGCJQDDWSQQL-2
95,The seamstress wanted to sew the button on the collar of the coat but the _ was too small.,collar,button,3NSM4HLQNRSITRDZHQZGCJQDDWSQQL-1
96,"At dinner, Steven was starving but Ian was already full, so _ ate the pizza slowly.",Steven,Ian,3MWOYZD5WX29Z7MY6JRVBIOGHH3NO4-2
97,"At dinner, Steven was starving but Ian was already full, so _ ate the pizza quickly.",Steven,Ian,3MWOYZD5WX29Z7MY6JRVBIOGHH3NO4-1
98,Randy went to an ice cream shop because he had a coupon and met Michael there. _ paid full price.,Randy,Michael,3I6NF2WGIIAHH5ZUE0I1CSFSZ8A5G3-2
103,"Samantha was generally faster at running than Jessica, so it was surprising when _ lost the race by a large margin.",Samantha,Jessica,3UZUVSO3P7T2B9P2G6XZ1THUFBBEMB-1
104,"Samantha was generally faster at running than Jessica, so it was surprising when _ won the race by a large margin.",Samantha,Jessica,3UZUVSO3P7T2B9P2G6XZ1THUFBBEMB-2
107,"She was able to find a fact about the plate, but not about the cup, because the _ was obscure.",plate,cup,372AGES0I432EPTBGJJ8BHWB6NMRXT-2
108,"She was able to find a fact about the plate, but not about the cup, because the _ was ubiquitous.",plate,cup,372AGES0I432EPTBGJJ8BHWB6NMRXT-1
109,"The repairman wanted to fix the engines by using a new oil pan and water pump, but the _ lacked oil.",pan,pump,388CL5C1RJLUP1YJ6V4QMJZIC78HLY-1
110,"The repairman wanted to fix the engines by using a new oil pan and water pump, but the _ had water leaks.",pan,pump,388CL5C1RJLUP1YJ6V4QMJZIC78HLY-2
115,"Because Lindsey liked to go camping more than Natalie, _ found owning a sleeping bag was essential.",Lindsey,Natalie,3TKSOBLOHNUNF48SZOH0E3ONT3JBBW-1
116,"Because Lindsey liked to go camping more than Natalie, _ didn't believe owning a sleeping bag was essential.",Lindsey,Natalie,3TKSOBLOHNUNF48SZOH0E3ONT3JBBW-2
119,Jay washed the glass bowl instead of the plate because the _ was very clean.,bowl,plate,32204AGAABAE39KIV47A9RUAGPQGHT-2
120,Jay washed the glass bowl instead of the plate because the _ was very dirty.,bowl,plate,32204AGAABAE39KIV47A9RUAGPQGHT-1
121,The vegetable wasn't cooking fast enough in the water with fire because the _ was too small.,water,fire,3IH9TRB0FDDWPE4631GSUEFS4DJI1W-2
130,"The cook could safely touch the pot, but had to wait on the pan, because the _ was hot.",pot,pan,3BFF0DJK8ZQMSCJBAWUG4M4A5XQTSS-2
131,"The cook could safely touch the pot, but had to wait on the pan, because the _ was cold.",pot,pan,3BFF0DJK8ZQMSCJBAWUG4M4A5XQTSS-1
132,"I poured the water from the cup to the pot to make the flower grow, and as I poured, the _ became lighter.",cup,pot,3TC2K6WK9IGAPTAPDJ4FM8VIR2Z82S-1
133,"I poured the water from the cup to the pot to make the flower grow, and as I poured, the _ became heavier.",cup,pot,3TC2K6WK9IGAPTAPDJ4FM8VIR2Z82S-2
134,"The shoe store had two big sellers, sneakers and pumps, but because it was track season, the _ were selling out slowly.",sneakers,pumps,30EV7DWJTX9DM0K8DPECBY0X2AC6Y9-2
135,"The shoe store had two big sellers, sneakers and pumps, but since it was track season, the _ were selling out faster.",sneakers,pumps,30EV7DWJTX9DM0K8DPECBY0X2AC6Y9-1
136,"Unlike the shy Amy, Monica was an extrovert,  so _ dreaded attending the big party.",Amy,Monica,3LVTFB9DE7W6ARISYS64A3AJV6LQGT-1
137,"Unlike the shy Amy, Monica was an extrovert,  so _ looked forward to attending the big party.",Amy,Monica,3LVTFB9DE7W6ARISYS64A3AJV6LQGT-2
141,"They had invested in a large curtain that would drop onto the stage, but it didn’t work out because the _ was too low.",curtain,stage,3YLPJ8OXXARA78QKP5ZVVM9923LX4U-2
142,"They had invested in a large curtain that would drop onto the stage, but it didn’t work out because the _ was too short.",curtain,stage,3YLPJ8OXXARA78QKP5ZVVM9923LX4U-1
143,Badminton was a lot easier for Josh than tennis because the _ court was smaller.,badminton,tennis,3HEADTGN2R6P4PNN02UQFUNZFDKRV8-1
144,Badminton was a lot easier for Josh than tennis because the _ court was larger.,badminton,tennis,3HEADTGN2R6P4PNN02UQFUNZFDKRV8-2
145,"When deciding which calendar to buy, Samuel chose a small one for Craig, because that is what _ knows he prefers.",Samuel,Craig,33P2GD6NRP6YZKF85T4PZHABB0KKH8-1
146,"When deciding which calendar to buy, Samuel chose a large one for Craig, despite what _ said he prefers.",Samuel,Craig,33P2GD6NRP6YZKF85T4PZHABB0KKH8-2
149,James ran out of makeup when making up his face. He never knew the _ was so small.,face,makeup,3OREP8RUT4PJ6LG3FA9EFEFK90NGBY-2
150,James ran out of makeup when making up his face. He never knew the _ is so large.,face,makeup,3OREP8RUT4PJ6LG3FA9EFEFK90NGBY-1
153,The dog wanted to stay in the park and not go back to the house because the _ was too small.,house,park,3MD8CKRQZ11GDUNTJDG7C6C5KB5JRD-1
154,Laura had an easier time than Lindsey moving from their home because _ had a bigger house.,Laura,Lindsey,3TFJJUELSJ3C1W02UVKKOUR1H8TC25-2
155,Laura had an easier time than Lindsey moving from their home because _ had a smaller house.,Laura,Lindsey,3TFJJUELSJ3C1W02UVKKOUR1H8TC25-1
158,The woman's lips were smaller than her cheeks because there was botox in the _ .,lips,cheeks,3ROUCZ907H8RHSMA7YR8Q7OM8VDOO0-2
159,The woman's lips were bigger than her cheeks because there was botox in the _ .,lips,cheeks,3ROUCZ907H8RHSMA7YR8Q7OM8VDOO0-1
162,Randy but not Kevin needed a larger wedding venue because _ had lots of friends and family.,Randy,Kevin,3CRWSLD91K2ON02RAK0V65B8JG7OML-1
163,Randy but not Kevin needed a larger wedding venue because  _ did not have lots of friends and family.,Randy,Kevin,3CRWSLD91K2ON02RAK0V65B8JG7OML-2
164,The woman wanted to throw the party at her friend's house but the _ was too small.,party,house,3ZG552ORAM2T6G7V1E3PMORIEIYV2B-2
165,The pan does not get hot fast enough when placed over the flame because the _ is too high.,flame,pan,3DZKABX2ZKJLYNY4I54VQZOCEWHCVO-2
166,The pan does not get hot fast enough when placed over the flame because the _ is too low.,flame,pan,3DZKABX2ZKJLYNY4I54VQZOCEWHCVO-1
167,the grade one could not tackle the divisibility of the number because the _ was too small.,divisibility,grade,35YHTYFL1G1D7AJ7P9IW67L7NNZFVD-2
168,the grade one could not tackle the divisibility of the number because the _ was too big.,divisibility,grade,35YHTYFL1G1D7AJ7P9IW67L7NNZFVD-1
171,Monica was a big fan of art but Rachel was a sports fan. _ bought a ticket to the football game.,Monica,Rachel,3IWA71V4TKUOMVUY8TSASKTNYRL6XC-2
172,Monica was a big fan of art but Rachel was a sports fan. _ bought a ticket to the museum.,Monica,Rachel,3IWA71V4TKUOMVUY8TSASKTNYRL6XC-1
173,Brian was overweight but Nick wasn't overweight because _ ate a large amount of calories.,Brian,Nick,3VADEH0UHCV96VRX9H9W7EF4LDJPSJ-1
174,Brian was overweight but Nick wasn't overweight because _ ate a small amount of calories.,Brian,Nick,3VADEH0UHCV96VRX9H9W7EF4LDJPSJ-2
177,"Kenny wanted to marry Paulie in the cathedral but Paulie was scared of large places, so their marriage ceremony took place in a cave instead since the _ was vast.",cathedral,cave,37PGLWGSJT4J1QRLRDAA7VNINIGIKJ-1
178,"Kenny wanted to marry Paulie in the cathedral but Paulie was scared of large places, so their marriage ceremony took place in a cave instead since the _ was small.",cathedral,cave,37PGLWGSJT4J1QRLRDAA7VNINIGIKJ-2
181,The flower placed on the window had started to block the sun ray because the _ is small.,flower,window,3TZDZ3Y0JUK3EDB3Z7AFHLGPLMV19T-2
182,The flower placed on the window had started to block the sun ray because the _ is big.,flower,window,3TZDZ3Y0JUK3EDB3Z7AFHLGPLMV19T-1
185,The tree in Monicas yard was a lot bigger than that of Lindsey because _ had an older tree.,Monica,Lindsey,31ANT7FQN80GNCVYE8OJ5U3LQH5H57-1
186,The tree in Monicas yard was a lot smaller than that of Lindsey because _ had an older tree.,Monica,Lindsey,31ANT7FQN80GNCVYE8OJ5U3LQH5H57-2
187,"Katrina is being bullied and asks Patricia for her protection, because _ is thin and small.",Katrina,Patricia,3NOEP8XAU6GWW1C3NPRJYKK4T09PX7-1
188,Rose was looking for a useful stocking stuffer so she picked a small book rather than a wallet because the _ was somewhat educational.,book,wallet,391JB9X4ZY65X9HCCS82ZOUZ4R0KM1-1
189,Rose was looking for a useful stocking stuffer so she picked a small book rather than a wallet because the _ was not educational.,book,wallet,391JB9X4ZY65X9HCCS82ZOUZ4R0KM1-2
192,"At art class in school, Craig asked William for glue because the glue _ had was full.",Craig,William,3IV1AEQ4DRBV109Q06Y7TRTR50UJ82-2
193,"At art class in school, Craig asked William for glue because the glue _ had was empty.",Craig,William,3IV1AEQ4DRBV109Q06Y7TRTR50UJ82-1
194,"Cynthia skipped breakfast but Angela ate a large morning meal, so _ was starving by lunchtime.",Cynthia,Angela,3VQTAXTYN3JNHEIRFHMVRVS3UM1BUD-1
195,"Cynthia skipped breakfast but Angela ate a large morning meal, so _ was still full by lunchtime.",Cynthia,Angela,3VQTAXTYN3JNHEIRFHMVRVS3UM1BUD-2
196,Kayla was the owner of a small business but Samantha was not so _ was able to apply for a job at the business.,Kayla,Samantha,37J05LC5AXH7IV5HHE9NFJ7SB77DJ9-2
197,Kayla was the owner of a small business but Samantha was not so _ was able to hire for a job at the business.,Kayla,Samantha,37J05LC5AXH7IV5HHE9NFJ7SB77DJ9-1
199,Jill couldn't fix her hair up properly. The bobble would not go round the ponytail because the _ was too small.,bobble,ponytail,3S1WOPCJFI7R4QIOX7W7DZDL4U1EJU-1
200,"They wanted more satiation at the wedding, so the planners used icing rather than fruit on the cake as the _ was more empty.",icing,fruit,3JYPJ2TAYKMFWFLINVLXSDKYQZIPFW-2
203,Mary had an easier time cleaning LEGOs than Patricia because _  didn't enjoy cleaning small pieces.,Mary,Patricia,3S4TINXCC0LS49YUJVAMSP0E7LSOBT-2
204,Mary had an easier time cleaning LEGOs than Patricia because _ enjoyed cleaning small pieces.,Mary,Patricia,3S4TINXCC0LS49YUJVAMSP0E7LSOBT-1
207,Victoria needed to prepare Samantha for the big news but _ couldn't be found outside.,Victoria,Samantha,3VQTAXTYN5Z2B3HYZFYVJTGBIOQBUD-2
208,Victoria needed to prepare Samantha for the big news but _ forgot what it was.,Victoria,Samantha,3VQTAXTYN5Z2B3HYZFYVJTGBIOQBUD-1
216,"The man added water to the car, but didn't need to add any oil, because the _ reservoir was full.",water,oil,31YWE12TE2Q7QV83R3X2YYTKVCMX77-2
219,James finished washing with the sponge and had to stuff it in its case because the _ is big.,sponge,case,3LOJFQ4BOZTHN4A6JXLZ8WVEKCXKDG-1
220,James finished washing with the sponge and had to stuff it in its case because the _ is small.,sponge,case,3LOJFQ4BOZTHN4A6JXLZ8WVEKCXKDG-2
221,Brian rested on the large bed as Kevin studied because _ was very behind in school.,Brian,Kevin,3UDTAB6HH6XODZREJQUFBI96LIB90G-2
222,Brian rested on the large bed as Kevin studied because _ was very tired from work.,Brian,Kevin,3UDTAB6HH6XODZREJQUFBI96LIB90G-1
223,The girl poured the powdered milk from the box into the glass of water.  The _ was wet.,water,milk,3NSCTNUR211G7EMRS0QRG64Q3LJA52-1
224,The girl poured the powdered milk from the box into the glass of water. The _ was dry.,water,milk,3NSCTNUR211G7EMRS0QRG64Q3LJA52-2
226,"Michael needed Craig to carry the basket the rest of the way home, since _ was physically fit.",Michael,Craig,3BA7SXOG1L4RTDRAS9JGNG3R5JSR8L-2
229,Lindsey gained a little weight so she gave Rebecca a few tank tops because they fit _ poorly.,Lindsey,Rebecca,3LEG2HW4UH1J48KCLXALW0C5GVQ2FZ-1
230,Lindsey gained a little weight so she gave  Rebecca a few tank tops and they fit _ well.,Lindsey,Rebecca,3LEG2HW4UH1J48KCLXALW0C5GVQ2FZ-2
231,Benjamin made a cup of rosehip tea for Donald even though _ knew they preferred green tea.,Benjamin,Donald,3WA2XVDZEMF0M64ATQQICXK8UXKE62-1
232,Benjamin made a cup of rosehip tea for Donald even though they knew _ preferred green tea.,Benjamin,Donald,3WA2XVDZEMF0M64ATQQICXK8UXKE62-2
235,James was able to get more slices from the cakes than expected. The _ are small.,slices,cakes,3WRAAIUSBLDP9X61Y69M8PVAWI7AXM-1
236,James was able to get more slices from the cakes than expected. The _ are big.,slices,cakes,3WRAAIUSBLDP9X61Y69M8PVAWI7AXM-2
237,I tried to clean the pipe with the brush but I couldn't because the _ was too small.,pipe,brush,35JDMRECC6NHDOSNP1B4GML6DUYGET-1
238,I tried to clean the pipe with the brush but I couldn't because the _ was too big.,pipe,brush,35JDMRECC6NHDOSNP1B4GML6DUYGET-2
239,"I used an ax to chop down a tree, but had to get a bigger ax because the _ was too thick.",ax,tree,374UMBUHN5NRR6V8TCSGXJCJTQVTC6-2
240,"I used an ax to chop down a tree, but had to get a bigger ax because the _ was too small.",ax,tree,374UMBUHN5NRR6V8TCSGXJCJTQVTC6-1
241,"Mary purchased new swimwear for her daughter, but did not need to buy shorts, because her daughter still fit in the _ .",swimwear,shorts,3S829FDFT4FN749DIG0OYQ3GHQ5DX2-2
242,"The brush Laura gave to Jessica was a family heirloom, so _ put it in a shadow box.",Laura,Jessica,3DQYSJDTYNPSZANDEBB848L1GUFXE7-2
243,"The brush Laura accepted from Jessica was a family heirloom, so _ put it in a shadow box.",Laura,Jessica,3DQYSJDTYNPSZANDEBB848L1GUFXE7-1
244,"Jeffrey's house was on fire and Lawrence put it out, later _ brought him a large gift as thanks.",Jeffrey,Lawrence,3VCK0Q0PO5C921V8K0DKTJ4QQ4VN0Q-1
245,"Jeffrey's house was on fire and Lawrence put it out, later _ received a large gift as thanks.",Jeffrey,Lawrence,3VCK0Q0PO5C921V8K0DKTJ4QQ4VN0Q-2
255,Joey bought some caramel glazing to use for bread decoration but the _ was too big.,bread,glazing,3ZVPAMTJWPH6MSXSB7V4FTKPS0CRG3-1
256,"The dog was able to drink easily from the bowl, but not the pan, because the _ was short.",bowl,pan,3D42WVSDHA995TDJEIHG54DAV60FY0-1
257,"The dog was able to drink easily from the bowl, but not the pan, because the _ was tall.",bowl,pan,3D42WVSDHA995TDJEIHG54DAV60FY0-2
258,"Carrie persuaded Victoria to go into the pig pen and bring out a bowl, because _ was brave around animals.",Carrie,Victoria,3FBEFUUYRMJCQIM5XJ0W8CIPXKN6AB-2
259,"Carrie persuaded Victoria to go into the pig pen and bring out a bowl, because _ was cowardly around animals.",Carrie,Victoria,3FBEFUUYRMJCQIM5XJ0W8CIPXKN6AB-1
260,The turtle saw a race and a piece of lettuce. He chose the _ because he was full.,race,piece of lettuce,3OYHVNTV5TWTXC2OP8NFRSJ4ZSLKOO-1
261,"Shawn bought a guitar that came with a case and an extra string, but the _ was too big for the car.",string,case,3XU9MCX6VQQG7YPLCSAFDPQOIFS2RC-2
264,"The scarf Bob's mother made for him would not fit around his neck, the _ was too large.",scarf,neck,3I01FDIL6M67CZ79AT3VG2LBEDM2DF-2
265,"The scarf Bob's mother made for him would not fit around his neck, the _ was too small.",scarf,neck,3I01FDIL6M67CZ79AT3VG2LBEDM2DF-1
266,Brian's hair always got big when it was humid. Dennis bought a dehumidifier to help. _ was grateful for the gesture.,Brian,Dennis,3HY86PZXP0WK992K7IQ19ZHZAES1E6-1
267,Brian's hair always got big when it was humid. Dennis bought a dehumidifier to help. _ was proud of the gesture.,Brian,Dennis,3HY86PZXP0WK992K7IQ19ZHZAES1E6-2
268,Scott saw his company's profit sheet and asked for a raise. It was denied because the _ was too big.,raise,profit,3NSCTNUR2ZL1DPNK82ERO8GHDIKA5M-1
269,Scott saw his company's profit sheet and asked for a raise. It was denied because the _ was too small.,raise,profit,3NSCTNUR2ZL1DPNK82ERO8GHDIKA5M-2
270,"Paul served the chocolate milk in a glass instead of the plastic cup, because the _ was unbroken.",cup,glass,3OJX0UFJ0Z54TL3UHX8Z0PXD6JI9UF-2
271,"Paul served the chocolate milk in a glass instead of the plastic cup, because the _ was cracked.",cup,glass,3OJX0UFJ0Z54TL3UHX8Z0PXD6JI9UF-1
272,The water spilling out of the pot put out the fire on the stove. The _ is plentiful.,water,fire,3OJX0UFJ01LJNA211VKZSNLLU8ZU92-1
273,The water spilling out of the pot put out the fire on the stove. The _ is weak.,water,fire,3OJX0UFJ01LJNA211VKZSNLLU8ZU92-2
276,"Mike dumped the juice out of the baby bottle and filled it with milk, because the _ was fresher.",juice,milk,3E9VAUV7BWCZFDX4J4JOZ5EA8R2YAC-2
277,"Mike dumped the juice out of the baby bottle and filled it with milk, because the _ was older.",juice,milk,3E9VAUV7BWCZFDX4J4JOZ5EA8R2YAC-1
280,At dinner Felicia decided to pay for Elena's meal because _ had received a large bonus today.,Felicia,Elena,3D06DR5227XEFL7XKZ7DX8FBNABAME-1
281,At dinner Felicia decided to pay for Elena's meal because _ had received a large bill today.,Felicia,Elena,3D06DR5227XEFL7XKZ7DX8FBNABAME-2
282,The remaining ball of thread could crochet more sweater for the kids because the _ is small.,sweater,ball,3VP28W7DUPY9AJNOA4JZJBMBZKEZFL-1
283,The remaining ball of thread could crochet more sweater for the kids because the _ is big.,sweater,ball,3VP28W7DUPY9AJNOA4JZJBMBZKEZFL-2
284,"The animals had lumps that were more dangerous than the zits, since the _ were smaller.",lumps,zits,3HFWPF5AKBXHTVLHVHOPM90CBXMS3H-2
285,"The animals had lumps that were more dangerous than the zits, since the _ were larger.",lumps,zits,3HFWPF5AKBXHTVLHVHOPM90CBXMS3H-1
286,Kevin hated sweets but Kyle loved them which made _ ecstatic to receive a large birthday cake.,Kevin,Kyle,35F6NGNVMAX09EZJMTW59V8DGA17TL-2
287,Kevin hated sweets but Kyle loved them which made _ irritated to receive a large birthday cake.,Kevin,Kyle,35F6NGNVMAX09EZJMTW59V8DGA17TL-1
288,"Jessica went prospecting and found some gold ore, while Angela went prospecting and found iron ore. _ was able to cash out with big money.",Jessica,Angela,3P888QFVX58U24ZQMBJCFCJLMSPOQR-1
293,There are much salt left in the jar after some have been poured into the cup. The _ is way bigger.,jar,cup,3L2OEKSTWBO0QE3W64BAVCWO81LY8Y-1
294,There are much salt left in the jar after some have been poured into the cup. The _ is way smaller.,jar,cup,3L2OEKSTWBO0QE3W64BAVCWO81LY8Y-2
295,The clothes of Kyle look more shabby than Donald's because _ has a larger salary to buy clothes with.,Kyle,Donald,3VI0PC2ZAYIZHC1VOR24HMR6QKROX5-2
296,The clothes of Kyle look more expensive than Donald's because _ has a larger salary to buy clothes with.,Kyle,Donald,3VI0PC2ZAYIZHC1VOR24HMR6QKROX5-1
297,"The table was located strategically under the large wall, so the _ would throw its shade.",table,wall,32CXT5U14IHJ95JRW3ELSRQAA718UL-2
298,"The table was located strategically under the large wall, so the _ would receive its shade.",table,wall,32CXT5U14IHJ95JRW3ELSRQAA718UL-1
303,The car held less liters in the tank than the truck because the _ was bigger.,truck,car,3I7KR83SNCR5KEXP7HGXM0CNSH1K9V-1
304,The car held less liters in the tank than the truck because the _ was smaller.,truck,car,3I7KR83SNCR5KEXP7HGXM0CNSH1K9V-2
307,"The cashier moved the money out of the bag and into the drawer, as the _ was vulnerable to theft.",bag,drawer,39WICJI5AV6EU77VQ9IXI2XFX8L3ZN-1
308,"The cashier moved the money out of the bag and into the drawer, as the _ was secure from theft.",bag,drawer,39WICJI5AV6EU77VQ9IXI2XFX8L3ZN-2
314,"Justin played in emo band Texas is the Reason, of which Dennis was a big fan, so _ asked him for an autograph.",Justin,Dennis,3UL5XDRDNCHNU1U5B4UDSHAMIIE85H-2
315,"Justin played in emo band Texas is the Reason, of which Dennis was a big fan, so _ gave him an autograph.",Justin,Dennis,3UL5XDRDNCHNU1U5B4UDSHAMIIE85H-1
316,The water do not get to the bottom of the bowl after james poured water on the soil in it. Just the _ is wet.,bowl,soil,39O0SQZVJPLNTZMRI4RA9G7WTXTR70-2
317,The water do not get to the bottom of the bowl after james poured water on the soil in it. Just the _ is dry.,bowl,soil,39O0SQZVJPLNTZMRI4RA9G7WTXTR70-1
318,"The ears on the elf were easier to spot than the eyes, and this is because the _ are larger.",ears,eyes,382GHPVPHU5YRAJ65GS7O6K6WHO43Q-1
319,"The ears on the elf were easier to spot than the eyes, and this is because the _ are smaller.",ears,eyes,382GHPVPHU5YRAJ65GS7O6K6WHO43Q-2
324,"The cook added a bunch of salt from the bottle to the pan, so the _ was heavier.",bottle,pan,3QHITW7OYO7Q6B6ISU2UMJB89IUAQU-2
325,"The cook added a bunch of salt from the bottle to the pan, so the _ was lighter.",bottle,pan,3QHITW7OYO7Q6B6ISU2UMJB89IUAQU-1
330,The insurance agent was more concerned with the fire at the hospital versus the fire at the school. The _ fire was bigger.,hospital,school,322ZSN9Z5IY3QRH0KVYY6JO3PTG4T9-1
342,"Upon unearthing a glass vase and a copper pot, the archaeology workers loosely packed the _ because it was sturdy.",vase,pot,3IKMEYR0LY9UKUCQM81ICD4ANPE2K3-2
343,"Upon unearthing a glass vase and a copper pot, the archaeology workers tightly packed the _ because it was fragile.",vase,pot,3IKMEYR0LY9UKUCQM81ICD4ANPE2K3-1
344,Joe knew that planets are closer to the sun than stars and that the _ were much bigger.,planets,stars,3JU8CV4BRNQ92SYBMY4NF7TCI2ZPOC-2
345,Joe knew that planets are closer to the sun than stars and that the _ were much smaller.,planets,stars,3JU8CV4BRNQ92SYBMY4NF7TCI2ZPOC-1
346,"James handed a box of items for his friend to carry but feeling lazy, his friend had his eyes on the bag because the _ is smaller.",bag,box,3XJOUITW8W5AFW4YIS5B9MP9M8ITQD-1
347,"James handed a box of items for his friend to carry but feeling lazy, his friend had his eyes on the bag because the _ is bigger.",bag,box,3XJOUITW8W5AFW4YIS5B9MP9M8ITQD-2
348,"The jar was made of glass but the bottle was plastic, so the _ was more durable.",jar,bottle,335VBRURDJYN4P68RXTUW7BAKV59EF-2
349,"The jar was made of glass but the bottle was plastic, so the _ was more fragile.",jar,bottle,335VBRURDJYN4P68RXTUW7BAKV59EF-1
350,An indoor plant needs a pot and a water-can because the _ will be like rain.,pot,water-can,38XPGNCKHVEI3JLPPQYD71COMNV4V6-2
351,An indoor plant needs a pot and a water-can because the _ will not get rain.,pot,water-can,38XPGNCKHVEI3JLPPQYD71COMNV4V6-1
358,James asked for a bag if they are paying him in cash and not a check because the _ is light.,cash,check,33TGB4G0LRVUOT5A46033UL2JB5TXA-2
359,James asked for a bag if they are paying him in cash and not a check because the _ is bulky.,cash,check,33TGB4G0LRVUOT5A46033UL2JB5TXA-1
361,"Dennis gives his money to the homeless whenever he can as opposed to Aaron, because _ has a large salary.",Dennis,Aaron,3P888QFVX3SF8F0J2D7CNEVDY02OQD-1
362,"Dennis gives his money to the homeless whenever he can as opposed to Aaron, because _ has a small salary.",Dennis,Aaron,3P888QFVX3SF8F0J2D7CNEVDY02OQD-2
363,"The letters on the sign were easier to read than those on the blackboard, because the _ was larger.",blackboard,sign,307L9TDWJYQ5JTU53NV3VH2XYTRN3S-2
364,"The letters on the sign were easier to read than those on the blackboard, because the _ was smaller.",blackboard,sign,307L9TDWJYQ5JTU53NV3VH2XYTRN3S-1
367,Benjamin drank Dennis's juice when they weren't looking last night so _ was looking for the bottle.,Benjamin,Dennis,3IQ9O0AYW6XI49H8LMO28MAE1GYITH-2
368,Benjamin drank Dennis's juice when they weren't looking last night so _ was hiding the bottle.,Benjamin,Dennis,3IQ9O0AYW6XI49H8LMO28MAE1GYITH-1
369,Hunter enjoyed singing in front of large crowds but not Dennis because _ was at ease with crowds.,Hunter,Dennis,3EPG8DX9LKO80TTMXLWOE35C7PF5PT-1
370,Hunter enjoyed singing in front of large crowds but not Dennis because _ was tense with crowds.,Hunter,Dennis,3EPG8DX9LKO80TTMXLWOE35C7PF5PT-2
375,By using a knife and a board he was able to do a great job cutting all the food.  The _ had a small handle.,board,knife,3X2YVV51PU2ZWKP48K87370RTNMW19-2
376,"Justin thinks the crocodile in Peter Pan is an alligator, but when Dennis corrects him _ gets yelled at.",Justin,Dennis,3B286OTISGVOED1CH2ULHGNVKH2JAA-2
377,"Justin thinks the crocodile in Peter Pan is an alligator, but when Dennis corrects him _ gets offended.",Justin,Dennis,3B286OTISGVOED1CH2ULHGNVKH2JAA-1
380,"The hat Jeffrey got Jason for their birthday was too big, so _ kept it for themselves.",Jeffrey,Jason,3BKZLF9901D6WI3SSYSAH3HN00MQYY-1
381,"The hat Jeffrey got Jason for their birthday was too big, althought _ kept it anyway.",Jeffrey,Jason,3BKZLF9901D6WI3SSYSAH3HN00MQYY-2
382,Brett told Ian about his marriage to a smart and cute person they both know. Later _ received a nice bottle of wine to congratulate him.,Brett,Ian,32L724R85NYZ66N8O3RIVAXP5J7PI1-1
383,Brett told Ian about his marriage to a smart and cute person they both know. Later _ felt lonely and opened a nice bottle of wine to console himself.,Brett,Ian,32L724R85NYZ66N8O3RIVAXP5J7PI1-2
385,I punctured my tire and pulled over to see if I could patch it or put on the spare. The hole was big so I used the _ .,patch,spare,3HRWUH63QWGNRXGG14VW2COP07P5NE-2
386,Natalie got much bigger than Betty after _ spent a year in the gym doing strength training.,Natalie,Betty,37OPIVELUU1DTI7F94F0D5J7DCPAHI-1
387,"Megan hated the table she saw, but Emily loved it. When they left the store empty-handed, _ was disappointed.",Megan,Emily,31YWE12TE2Q7QV83R3X2YYTJT25X72-2
388,"Megan loved the table she saw, but Emily hated it. When they left the store empty-handed, _ was disappointed.",Megan,Emily,31YWE12TE2Q7QV83R3X2YYTJT25X72-1
389,We increased the output of the energy to get through the box since the _ was high.,energy,box,3T5ZXGO9DG2618DXOKUTVAQP6QIZQI-2
390,We increased the output of the energy to get through the box since the _ was low.,energy,box,3T5ZXGO9DG2618DXOKUTVAQP6QIZQI-1
391,Rachel wanted to have a barbecue and asked Christine to borrow their grill because _ had a large one.,Rachel,Christine,3X0EMNLXEPNPYN813CE1I1ZBKGFVPU-2
394,Logan only had a hamster as a pet while Hunter had a dog because _ preferred large animals.,Logan,Hunter,3BAKUKE49HAUOO8I9QY1G8SA1BV1R5-2
395,Logan only had a hamster as a pet while Hunter had a dog because _ preferred small animals.,Logan,Hunter,3BAKUKE49HAUOO8I9QY1G8SA1BV1R5-1
398,He needed to check the zoning laws of the city and county to build a pool in his backyard. The _ laws could not override the smaller area's laws.,city,county,3K8CQCU3KGFH4GV0X5I5SC13LN7NWW-2
399,He needed to check the zoning laws of the city and county to build a pool in his backyard. The _ laws overrode the larger area's laws.,city,county,3K8CQCU3KGFH4GV0X5I5SC13LN7NWW-1
404,Craig liked to play with the large cattle but not Kyle because _ found them to be foreign.,Craig,Kyle,3QMELQS6Y59PVA9FFWAIB4JR42X6RL-2
405,Craig liked to play with the large cattle but not Kyle because _ found them to be familiar.,Craig,Kyle,3QMELQS6Y59PVA9FFWAIB4JR42X6RL-1
406,"I had to develop a picture, and when I poured the solution from the jug into the pan, the _ was heavier.",jug,pan,3BA7SXOG1L4RTDRAS9JGNG3Q38WR8Z-2
407,"I had to develop a picture, and when I poured the solution from the jug into the pan, the _ was lighter.",jug,pan,3BA7SXOG1L4RTDRAS9JGNG3Q38WR8Z-1
408,Our station at the school was not as full of people as John's cart because the _ was in a bad location.,station,cart,3S8A4GJRD5HWI6P38ERS4ZW3KO96VP-1
409,Our station at the school was not as full of people as John's cart because the _ was in a good location.,station,cart,3S8A4GJRD5HWI6P38ERS4ZW3KO96VP-2
412,The woman could not find the emerald in the drawer because the _ was so small.,emerald,drawer,3XJOUITW8W5AFW4YIS5B9MP8LUWTQW-1
413,The woman could not find the emerald in the drawer because the _ was so large.,emerald,drawer,3XJOUITW8W5AFW4YIS5B9MP8LUWTQW-2
414,Samantha had an empty pantry while Sarah had a full pantry because _ needed to go to the grocery store.,Samantha,Sarah,3JMNNNO3B3ILFU67BMKL0OY49YO2W1-1
415,Samantha had an empty pantry while Sarah had a full pantry because _ just went to the grocery store.,Samantha,Sarah,3JMNNNO3B3ILFU67BMKL0OY49YO2W1-2
416,Donald grew smaller flowers than Samuel because _ worked in the garden to prepare the soil before the seeds were planted.,Donald,Samuel,3J5XXLQDHM9IRY3E5EHU5YWAFHOV3D-2
417,Donald grew bigger  flowers than Samuel because _ worked hard in the garden to prepare the soil. before the seeds were planted.,Donald,Samuel,3J5XXLQDHM9IRY3E5EHU5YWAFHOV3D-1
420,The toilet is worse than my wife's closet because the _ is a small space.,toilet,closet,33CLA8O0MKP08S1X0NPMX8KDSL8FRP-1
421,Jane knew he will need more banana to feed the children unlike the pineapple that would have been enough. The _ is small.,banana,pineapple,3T2EL38U0OYHWDDIN268YPAFZ00QXF-1
422,Jane knew he will need more banana to feed the children unlike the pineapple that would have been enough. The _ is big.,banana,pineapple,3T2EL38U0OYHWDDIN268YPAFZ00QXF-2
423,Pat wanted to wear the jacket over the sweater but the _  was too big.,jacket,sweater,3UZUVSO3P7T2B9P2G6XZ1THUKU4EMB-2
