"annotation_id","annotator","created_at","id","lead_time","sentiment","text","updated_at"
8,"1","2025-06-06T13:04:17.201008Z",3838,31.023,"other","{qID 3QHITW7OYO7Q6B6ISU2UMJB84ZLAQE-2, sentence Ian volunteered to eat Dennis's menudo after already having a bowl because _ despised eating intestine., option1 Ian, option2 Dennis, answer 2}","2025-06-06T13:04:17.201028Z"
9,"1","2025-06-06T13:04:29.919630Z",3839,21.524,"comparison of performance, road to sucess","{qID 3XWUWJ18TLO2DDRXF83QWLKRJ29UU4-1, sentence He never comes to my home, but I always go to his house because the _ is smaller., option1 home, option2 house, answer 1}","2025-06-06T13:04:29.919671Z"
10,"1","2025-06-06T13:04:55.103429Z",3840,8.655999999999999,"other","{qID 3D5G8J4N5CI2K40F4RZLF9OG2CKVTH-2, sentence Kyle doesn't wear leg warmers to bed, while Logan almost always does. _ is more likely to live in a colder climate., option1 Kyle, option2 Logan, answer 2}","2025-06-06T13:04:55.103535Z"
11,"1","2025-06-06T13:05:05.009039Z",3841,39.444,"Failure","{qID 3DW3BNF1GHG4SV9KHVCQWF4L0K98VE-2, sentence The GPS and map helped me navigate home.  I got lost when the _ got turned upside down., option1 GPS, option2 map, answer 2}","2025-06-06T13:05:05.009082Z"
12,"1","2025-06-06T13:05:06.105571Z",3842,15.492,"other","{qID 3DTJ4WT8BFTH45NSFTZT1T1BND3ZEV-2, sentence Emily looked up and saw Patricia racing by overhead, as _ was on the ramp ., option1 Emily, option2 Patricia, answer 2}","2025-06-06T13:05:06.105603Z"
13,"1","2025-06-06T13:05:18.689879Z",3843,13.435,"other","{qID 304QEQWKZRY6EBUR5DPX06S39IH0OJ-2, sentence The treasury workers took the gold bars off of the trolley and stacked them in the safe until the _ was empty., option1 safe, option2 trolley, answer 2}","2025-06-06T13:05:18.689966Z"
16,"1","2025-06-06T13:06:20.929208Z",3844,26.337,"Failure","{qID 36FFXPMSTB2HPB0N3LWI6YRLWWHHOX-1, sentence He thought he had time to take the scenic route to the store, but the _ was under construction., option1 route, option2 store, answer 1}","2025-06-06T13:06:20.929230Z"
18,"1","2025-06-06T13:07:32.565771Z",3845,13.806,"other","{qID 37SOB9Z0SUBUPIQRB8ROANMHJ463L8-2, sentence She remembered how annoying it is to dust her wood chair so she bought a plastic table instead.  Cleaning the _ is quick., option1 chair, option2 table, answer 2}","2025-06-06T13:07:32.565792Z"
19,"1","2025-06-06T13:07:45.065266Z",3846,22.205,"comparison of performance, road to sucess","{qID 3D1UCPY6GINZAB68HJIK5I0BYMV83E-2, sentence To overcome behavioural bias, we need to focus more on changing the conscious actions instead of the unconscious actions because the _ actions are voluntary., option1 unconscious, option2 conscious, answer 2}","2025-06-06T13:07:45.065286Z"
20,"1","2025-06-06T13:07:52.737730Z",3847,13.620999999999999,"comparison of performance, road to sucess","{qID 3R5LWXWHR2MQJOJ4K61W4B6CS5OGXO-2, sentence Megan has a lot less money than Jessica because _ just bought the winning lottery ticket., option1 Megan, option2 Jessica, answer 2}","2025-06-06T13:07:52.737752Z"
21,"1","2025-06-06T13:07:54.856684Z",3848,9.501,"other","{qID 3NRZ1LDP7W4677DB493437C7D3WZP2-2, sentence I picked up a bag of peanuts and raisins for a snack. I wanted a sweeter snack out so I stored the _ for now., option1 raisins, option2 peanuts, answer 2}","2025-06-06T13:07:54.856706Z"
22,"1","2025-06-06T13:08:00.483542Z",3849,34.526,"comparison of performance, road to sucess","{qID 3X55NP42EOE5ME6IJ28VZ67STRW3P5-1, sentence Craig really loves to clean all the time but Derrick does not because _ is very neat., option1 Craig, option2 Derrick, answer 1}","2025-06-06T13:08:00.483571Z"
23,"1","2025-06-06T13:08:01.374500Z",3850,10.324,"other","{qID 3JHB4BPSFMNRVHVKKM0UIMOWRR29QT-1, sentence Dennis gave his hammer to Robert so he could hammer the nails. _ had plenty of hammers., option1 Dennis, option2 Robert, answer 1}","2025-06-06T13:08:01.374537Z"
24,"1","2025-06-06T13:08:02.305350Z",3851,19.686999999999998,"comparison of performance, road to sucess","{qID 3DGDV62G7O7G1WAZF2UQGW20SY82PG-2, sentence The party was more interesting and uplifing than the funeral because the _ was rigid., option1 party, option2 funeral, answer 2}","2025-06-06T13:08:02.305381Z"
25,"1","2025-06-06T13:08:03.180824Z",3852,5.133,"other","{qID 3VW0145YLYAAMPBUU78QY9UMP3VMJ1-2, sentence The geese prefer to nest in the fields rather than the forests because in the _ predators are more hidden., option1 fields, option2 forests, answer 2}","2025-06-06T13:08:03.180875Z"
26,"1","2025-06-06T13:08:04.159874Z",3853,5.906000000000001,"other","{qID 3IWA71V4TKUOMVUY8TSASKTOZ3UX63-2, sentence The plant took up too much room in the urn, because the _ was small., option1 plant, option2 urn, answer 2}","2025-06-06T13:08:04.159897Z"
27,"1","2025-06-06T13:08:05.172952Z",3854,11.427999999999999,"other","{qID 3M7OI89LVYMLP8KWXZKNM9K59J76CX-1, sentence I installed a new bird house outside above the ground, but had to prop it up higher away from my cat since the _ was too low., option1 bird house, option2 ground, answer 1}","2025-06-06T13:08:05.172974Z"
28,"1","2025-06-06T13:08:06.225004Z",3855,14.145999999999999,"other","{qID 3INZSNUD80OICJS8V2IAQPTPKLFD95-2, sentence I prefer spa to the pool and I find the cold water in the _  not relaxing at the end of the day., option1 spa, option2 pool, answer 2}","2025-06-06T13:08:06.225041Z"
29,"1","2025-06-06T13:08:07.315011Z",3856,19.347,"hesitation, question, advice","{qID 3B9J25CZ27R56VH0OAZQFC45F2ESCA-2, sentence Megan said it would be liberating to go out without makeup like Elena does. _ never wore makeup when she left the house., option1 Megan, option2 Elena, answer 2}","2025-06-06T13:08:07.315032Z"
30,"1","2025-06-06T13:08:08.566797Z",3857,13.200000000000001,"comparison of performance, road to sucess","{qID 38G0E1M85OJHKHF44WPVK5AIL6SUV4-1, sentence Donald was richer than Leslie was because companies had found oil on the property of _ ., option1 Donald, option2 Leslie, answer 1}","2025-06-06T13:08:08.566834Z"
31,"1","2025-06-06T13:08:09.997393Z",3858,11.724,"hesitation, question, advice","{qID 3THR0FZ95R7JB7JDU6BGYQKRCK0OLW-2, sentence Feeling a draft, William asked Neil to please close the front door because _ was closer., option1 William, option2 Neil, answer 2}","2025-06-06T13:08:09.997418Z"
32,"1","2025-06-06T13:08:11.161707Z",3859,7.938000000000001,"other","{qID 3SV8KD29L4Q5WGGVRHYW7QQ8EEZZKB-2, sentence Lindsey loved the taste of duck but Megan liked chicken better. _ ordered the kung pao chicken for dinner., option1 Lindsey, option2 Megan, answer 2}","2025-06-06T13:08:11.161741Z"
33,"1","2025-06-06T13:08:12.164384Z",3860,8.617,"other","{qID 3RSBJ6YZEE4XBF9H8V8I3DF7F0UFOM-2, sentence Elena would grab their inventory in the back of the store for Megan to sell each time because _ was a loyal customer., option1 Elena, option2 Megan, answer 2}","2025-06-06T13:08:12.164424Z"
34,"1","2025-06-06T13:08:13.185573Z",3861,11.448,"Failure","{qID 3TCFMTM8HEMDK4RXU0J0F0K2KZI21L-2, sentence Kenneth asked Dennis what time the dance was being held, but _ had forgotten., option1 Kenneth, option2 Dennis, answer 2}","2025-06-06T13:08:13.185604Z"
35,"1","2025-06-06T13:08:14.206079Z",3862,10.733,"other","{qID 3S4TINXCC217YYX13TMMKNON1TXBOG-1, sentence Eric was teaching all of the proper stretches to Neil, because _ was using them to get paid., option1 Eric, option2 Neil, answer 1}","2025-06-06T13:08:14.206100Z"
36,"1","2025-06-06T13:08:14.994123Z",3863,8.224,"comparison of performance, road to sucess","{qID 36MUZ9VAE8GE14IWNBAWA1I8ZL8DE5-2, sentence When buying a home, Patricia doesn't have as much money to spend as Tanya, so _ buys a 5 bedroom house., option1 Patricia, option2 Tanya, answer 2}","2025-06-06T13:08:14.994148Z"
37,"1","2025-06-06T13:08:15.887205Z",3864,11.085999999999999,"other","{qID 3E9ZFLPWOYQPLQQSQWPZXPVKJR3IXG-2, sentence I wanted to buy small tweezer to fit in my wristlet, but they still didn't fit. The _ were too small., option1 tweezer, option2 wristlet, answer 2}","2025-06-06T13:08:15.887253Z"
38,"1","2025-06-06T13:08:16.837986Z",3865,26.29,"comparison of performance, road to sucess","{qID 3PCPFX4U40OL22NQ3AOM0KMZ1FFFQD-1, sentence Handling emergencies was never very difficult for Kevin but it was for Nelson because _ could remain calm under pressure., option1 Kevin, option2 Nelson, answer 1}","2025-06-06T13:08:16.838030Z"
39,"1","2025-06-06T13:08:17.647198Z",3866,8.126,"hesitation, question, advice","{qID 3P4C70TRMTVVJU2F6NY8THBPLKALGF-1, sentence Emily asked her sister Sarah if she needed any tampons or pads from the store, even though _ didn't because she had switched to using menstrual cups., option1 Emily, option2 Sarah, answer 1}","2025-06-06T13:08:17.647249Z"
40,"1","2025-06-06T13:08:18.479550Z",3867,14.116,"Failure","{qID 3R6RZGK0XHQY1QZ9EXMKNQGVHU3YV6-2, sentence Elena had a horrendous coughing fit from the pollen, unlike Tanya , since _ was immune to allergies., option1 Elena, option2 Tanya, answer 2}","2025-06-06T13:08:18.479800Z"
41,"1","2025-06-06T13:08:19.369317Z",3868,18.872999999999998,"other","{qID 3HJ1EVZS2OHQYRMXWUCK4177UA4R37-1, sentence Rebecca picked up Amy to carpool to work every day, so _ asked for some gas money., option1 Rebecca, option2 Amy, answer 1}","2025-06-06T13:08:19.369337Z"
42,"1","2025-06-06T13:08:20.200489Z",3869,11.649,"hesitation, question, advice","{qID 3BDORL6HKKBEBRIGPNNLX4B158XCRH-2, sentence Jennifer discreetly admitted to Erin that she didn't know how to apply eye shadow.  _ was reassuring., option1 Jennifer, option2 Erin, answer 2}","2025-06-06T13:08:20.200509Z"
43,"1","2025-06-06T13:08:21.004920Z",3870,9.375,"Failure","{qID 34D9ZRXCYT8HDGK24W3Z9HEIG7ISAG-1, sentence The employees threw a party and drank so much alcohol that they could not go into work the next day. The _ was loud., option1 party, option2 alcohol, answer 1}","2025-06-06T13:08:21.004941Z"
44,"1","2025-06-06T13:08:21.786682Z",3871,12.087,"comparison of performance, road to sucess","{qID 39WSF6KUV2JQBCAETMCCTX6ZAD1OEF-2, sentence Once in Poland, Dennis enjoyed the trip more than Jason because _ had a shallow understanding of the Polish language., option1 Dennis, option2 Jason, answer 2}","2025-06-06T13:08:21.786703Z"
45,"1","2025-06-06T13:08:22.603267Z",3872,24.509999999999998,"performance, sucess, competence","{qID 3CMV9YRYP5F5AWSGETJBQU35DCRLJJ-1, sentence The house Benjamin designed for Joseph was beautiful, so _ used it in his portfolio., option1 Benjamin, option2 Joseph, answer 1}","2025-06-06T13:08:22.603305Z"
46,"1","2025-06-06T13:08:23.428878Z",3873,8.062,"other","{qID 3YLTXLH3DF4KGMDHYNXX3082HG2HPN-2, sentence John poured the entire bowl of fish into the hot pan on the stove until the _ was full., option1 bowl, option2 pan, answer 2}","2025-06-06T13:08:23.428901Z"
47,"1","2025-06-06T13:08:24.269383Z",3874,14.064,"Failure","{qID 3L1EFR8WWVJU4S5B66P06NKJLV1F9S-2, sentence Sue wanted to practice meditation so she went to the gym with her class but the _ was too busy., option1 class, option2 gym, answer 2}","2025-06-06T13:08:24.269407Z"
48,"1","2025-06-06T13:08:25.153432Z",3875,6.752,"other","{qID 3MDKGGG61QL2BPM7JLFDBJK9SLJ6TJ-2, sentence Natalie thinks emeralds are beautiful gems but Betty does not. _ bought a necklace featuring a big diamond., option1 Natalie, option2 Betty, answer 2}","2025-06-06T13:08:25.153471Z"
49,"1","2025-06-06T13:08:26.065487Z",3876,38.09,"other","{qID 3XEIP58NL21VABXKWFMXEORVWA4ZLI-1, sentence Aaron hung his hunting rifle over the hearth after the most recent trip ended up with Benjamin making the fatal shot.  _ was happy for him., option1 Aaron, option2 Benjamin, answer 1}","2025-06-06T13:08:26.065524Z"
50,"1","2025-06-06T13:08:27.195124Z",3877,9.906,"comparison of performance, road to sucess","{qID 3K3G488TR26T05U1XYBDE8VMH5FQ5S-2, sentence Kevin is far more physically versatile than Nick, because _ is an injured athlete in bed., option1 Kevin, option2 Nick, answer 2}","2025-06-06T13:08:27.195148Z"
51,"1","2025-06-06T13:08:27.992874Z",3878,12.479000000000001,"comparison of performance, road to sucess","{qID 3DQYSJDTYL9D5LO6UDZ8CAXSMH5XES-1, sentence Adam put handwash only clothes in the washer but Aaron washed them by hand as _ was lazy., option1 Adam, option2 Aaron, answer 1}","2025-06-06T13:08:27.992898Z"
52,"1","2025-06-06T13:08:29.164236Z",3879,6.638999999999999,"other","{qID 3QGHA0EA0JY09I7WAH1W9JD0AKWWBC-2, sentence Kyle loves the flavor of apricots but Matthew likes plums better. _ couldn't wait for plum season., option1 Kyle, option2 Matthew, answer 2}","2025-06-06T13:08:29.164257Z"
53,"1","2025-06-06T13:08:29.863873Z",3880,11.058,"comparison of performance, road to sucess","{qID 3RTFSSG7T84CMRT81UQQNM95RWELWX-2, sentence Derrick was unable to stay focused at work unlike Justin, because _ had a fun job., option1 Derrick, option2 Justin, answer 2}","2025-06-06T13:08:29.863914Z"
54,"1","2025-06-06T13:08:30.684980Z",3881,8.556999999999999,"hesitation, question, advice","{qID 3Z33IC0JC0K460SUMNI4WBZWKULV9S-2, sentence Avery was debating on taking up German instead of Latin, because the _ was newer., option1 Latin, option2 German, answer 2}","2025-06-06T13:08:30.685006Z"
55,"1","2025-06-06T13:08:31.503207Z",3882,10.31,"relationship, helping","{qID 31JUPBOORN21WQXQ3RAK966J43ML8G-2, sentence Kayla dated many more people at once than Betty, because _ was in an open relationship., option1 Kayla, option2 Betty, answer 2}","2025-06-06T13:08:31.503230Z"
56,"1","2025-06-06T13:08:32.328221Z",3883,11.569,"performance, sucess, competence","{qID 3WKGUBL7SZK0DPAOROK7SUQE73EL4A-1, sentence Steven proudly showed Michael the mangoes he grew himself all this summer.  _ is hardworking., option1 Steven, option2 Michael, answer 1}","2025-06-06T13:08:32.328270Z"
57,"1","2025-06-06T13:08:33.167430Z",3884,7.338,"other","{qID 3QGTX7BCHRGH8MUZ4S6QXZVYAK4Z5U-1, sentence The letter that Joel has written is being read by Adam, so _ is the writer., option1 Joel, option2 Adam, answer 1}","2025-06-06T13:08:33.167453Z"
58,"1","2025-06-06T13:08:33.910593Z",3885,7.698,"comparison of performance, road to sucess","{qID 3P4ZBJFX2XH5GOIJZHZSK7STICEFW3-1, sentence Kyle was more comfortable speaking in front of large groups than Nick, because _ had taken public speaking courses in college., option1 Kyle, option2 Nick, answer 1}","2025-06-06T13:08:33.910617Z"
59,"1","2025-06-06T13:08:34.697931Z",3886,6.883,"hesitation, question, advice","{qID 34OWYT6U3WFZKU8UNGJLHM92CQ3I9S-2, sentence In the lagoon Emily swam in the nude while Felicia opted for a full body swimsuit. _ was very hesitant with showing their body., option1 Emily, option2 Felicia, answer 2}","2025-06-06T13:08:34.697971Z"
60,"1","2025-06-06T13:08:35.548957Z",3887,14.542,"other","{qID 33K3E8REWWTWWKEFHAD8K016GUUX8H-2, sentence Sarah Jane's watch smashed when the book hit it since the _ was too strong., option1 watch, option2 book, answer 2}","2025-06-06T13:08:35.548978Z"
61,"1","2025-06-06T13:08:36.394139Z",3888,25.667,"other","{qID 3WPCIUYH1A61WY1MT8NRHPU19DUTDY-1, sentence Joseph had to have well manicured nails for work, but not Kevin, because _ worked at a bank., option1 Joseph, option2 Kevin, answer 1}","2025-06-06T13:08:36.394159Z"
62,"1","2025-06-06T13:09:50.517011Z",3889,11.794,"comparison of performance, road to sucess","{qID 3XAOZ9UYR1596CSPG9L13G6DTFDQ10-2, sentence While out playing golf, Dennis fell in the mud, but Christopher kept their balance because _ had spiked shoes on., option1 Dennis, option2 Christopher, answer 2}","2025-06-06T13:09:50.517032Z"
63,"1","2025-06-06T13:09:51.499516Z",3890,24.523999999999997,"Failure","{qID 3G9UA71JVX86VB3EAZI17PL5KCMJ7G-2, sentence I couldn't control the moisture like I controlled the rain, because the _ was coming in at one spot., option1 moisture, option2 rain, answer 2}","2025-06-06T13:09:51.499567Z"
64,"1","2025-06-06T13:09:52.332681Z",3891,8.843,"other","{qID 3R6RZGK0XHQY1QZ9EXMKNQGWJ4SVYG-1, sentence Leslie was fascinated with collecting new shoes compared to Derrick, because _ loved fashion trends., option1 Leslie, option2 Derrick, answer 1}","2025-06-06T13:09:52.332708Z"
65,"1","2025-06-06T13:09:53.013643Z",3892,11.270000000000001,"other","{qID 3SU800BH886PF9JNIXVLEIBA4ORQU4-2, sentence Jessica thought Sandstorm was the greatest song ever written but Patricia hated it. _ bought a ticket to the jazz concert., option1 Jessica, option2 Patricia, answer 2}","2025-06-06T13:09:53.013817Z"
66,"1","2025-06-06T13:09:53.676220Z",3893,7.598999999999999,"other","{qID 3EHVO81VN5JHZUUFDLM724Q4E0O1HV-2, sentence Bill poured the entire bowl of cheese snack into his mouth until the _ was empty., option1 mouth, option2 bowl, answer 2}","2025-06-06T13:09:53.676242Z"
67,"1","2025-06-06T13:09:54.247458Z",3894,32.876999999999995,"Failure","{qID 3126F2F5F818WCMF8MPRIXBPP0LEPF-2, sentence Ben played soccer and bowling every week. However, it was easy for him to play in the _ game because he hurt his arm., option1 bowling, option2 soccer, answer 2}","2025-06-06T13:09:54.247480Z"
68,"1","2025-06-06T13:09:55.406147Z",3895,7.451,"comparison of performance, road to sucess","{qID 3J94SKDEKINZBWQWSC5TE9ONT9BD5S-1, sentence Nick had a bigger dog than Craig because _ fed their dog much more food., option1 Nick, option2 Craig, answer 1}","2025-06-06T13:09:55.406181Z"
69,"1","2025-06-06T13:09:56.090347Z",3896,7.922,"comparison of performance, road to sucess","{qID 33CLA8O0MI9LE32QGPDM5AW4X5DRFU-1, sentence There was more shade in the yard of Christine than there was in the yard of Victoria because _ had more plants., option1 Christine, option2 Victoria, answer 1}","2025-06-06T13:09:56.090548Z"
70,"1","2025-06-06T13:09:56.716748Z",3897,17.894000000000002,"other","{qID 3OND0WXMHYTVDKNY97TM1MX6R3AHE7-2, sentence Kyle loves chocolate and candy and Steven loves pickles and lemons. _ loves sour foods., option1 Kyle, option2 Steven, answer 2}","2025-06-06T13:09:56.716768Z"
71,"1","2025-06-06T13:09:57.357196Z",3898,9.743,"comparison of performance, road to sucess","{qID 3MA5N0ATTC912LBQGUEP8MWQ2XXKWJ-2, sentence Since Benjamin ate unhealthy desserts far more frequently than Brett, _ had strong will power., option1 Benjamin, option2 Brett, answer 2}","2025-06-06T13:09:57.357216Z"
72,"1","2025-06-06T13:09:57.956282Z",3899,37.727000000000004,"performance, sucess, competence","{qID 3QHITW7OYO7Q6B6ISU2UMJB89I2AQ2-1, sentence Eric asked Michael on a date to go to the movies on Friday night because _ was very confident., option1 Eric, option2 Michael, answer 1}","2025-06-06T13:09:57.956304Z"
73,"1","2025-06-06T13:09:58.554907Z",3900,6.474,"other","{qID 3M4KL7H8KVL125AYH2V35D1E5OH167-2, sentence Amy hated the smell of bleach, but still Kayla used it all the time to clean so _ tries to use it less., option1 Amy, option2 Kayla, answer 2}","2025-06-06T13:09:58.554929Z"
74,"1","2025-06-06T13:09:59.173789Z",3901,12.196,"other","{qID 3R5OYNIC2C7ALV4CYHEMHJBQSB1PTB-2, sentence Eric looked at Neil in shock and started to react violently because _ lied to him., option1 Eric, option2 Neil, answer 2}","2025-06-06T13:09:59.173810Z"
75,"1","2025-06-06T13:10:00.637707Z",3902,22.584999999999997,"comparison of performance, road to sucess","{qID 3PN6H8C9R4OWH22DN8WAMK49Q47DAW-2, sentence Matthew made sure to use an oil lubricant when expanding his piercing, unlike Jeffrey, so the painful experience from _ made a lot of sense., option1 Matthew, option2 Jeffrey, answer 2}","2025-06-06T13:10:00.637743Z"
76,"1","2025-06-06T13:10:01.271152Z",3903,48.562,"hesitation, question, advice","{qID 3XWUWJ18TN4H72Q4Z6FQOJ8Z7XHUU9-2, sentence Samantha brought a get well card to the hospital but Emily forgot to because _ was preoccupied., option1 Samantha, option2 Emily, answer 2}","2025-06-06T13:10:01.271176Z"
77,"1","2025-06-06T13:10:02.159032Z",3904,6.627999999999999,"relationship, helping","{qID 3ZXNP4Z39TZCQ1REDKUEN4YXNY17L9-2, sentence Jessica took off the gloves and gave them to Katrina because _ 's hands were cold., option1 Jessica, option2 Katrina, answer 2}","2025-06-06T13:10:02.159079Z"
78,"1","2025-06-06T13:10:03.845664Z",3905,25.673000000000002,"comparison of performance, road to sucess","{qID 306W7JMRYYWPJHBECELQV3AESDU8BA-2, sentence The lawsuit bankrupted the company, causing Megan to be let go from their job while Mary was promoted. _ felt relieved and elated., option1 Megan, option2 Mary, answer 2}","2025-06-06T13:10:03.845694Z"
79,"1","2025-06-06T13:10:04.459488Z",3906,5.976999999999999,"comparison of performance, road to sucess","{qID 3YZ7A3YHR77K7A8L90CI16YWOEW5S8-1, sentence John's certification was less important that Jim's degree because the _ was from a minor University., option1 certification, option2 degree, answer 1}","2025-06-06T13:10:04.459522Z"
80,"1","2025-06-06T13:10:05.117738Z",3907,10.795,"relationship, helping","{qID 3ZG552ORAOI80562LCFPEMFR4LT2VU-2, sentence They opted not to go to the dance but to the movie instead, the _ seemed like a proper destination for their date., option1 dance, option2 movie, answer 2}","2025-06-06T13:10:05.117763Z"
81,"1","2025-06-06T13:10:05.703791Z",3908,13.087,"other","{qID 3D0LPO3EADD3B6QCDL06SYMNLVWOY8-1, sentence The thermostat showed that it was twenty degrees cooler downstairs than it was upstairs, so Byron stayed in the _ because he was hot., option1 downstairs, option2 upstairs, answer 1}","2025-06-06T13:10:05.703812Z"
82,"1","2025-06-06T13:10:06.295785Z",3909,19.084,"performance, sucess, competence","{qID 3NZ1E5QA61FLQORJYEQNBHOVJVI5BM-1, sentence Michael wanted to take Craig out on the water in his new boat. _ said it would be fun to show him the ropes., option1 Michael, option2 Craig, answer 1}","2025-06-06T13:10:06.295888Z"
83,"1","2025-06-06T13:10:06.951454Z",3910,36.942,"other","{qID 3LAZVA75NIPYGWYY02HBRWXADAS2O8-2, sentence Come over here and take a look at my scalp today  Natalie told Katrina, _ hates providing her  opinion., option1 Natalie, option2 Katrina, answer 2}","2025-06-06T13:10:06.951475Z"
84,"1","2025-06-06T13:10:07.608860Z",3911,15.534,"other","{qID 3421H3BM9CVA9UR7PWGLLLCBE2HJ9Y-1, sentence The sushi rotted on the counter unless it was put in the cooler, as the _ exposed it to contamination., option1 counter, option2 cooler, answer 1}","2025-06-06T13:10:07.608974Z"
85,"1","2025-06-06T13:10:08.230126Z",3912,41.095,"other","{qID 3WRBLBQ2GTMIMYDTHUCPVXJ2JTP0GS-1, sentence The contract could not be drafted at the business during that day because the _ was too small to care about., option1 contract, option2 business, answer 1}","2025-06-06T13:10:08.230147Z"
86,"1","2025-06-06T13:10:09.321264Z",3913,8.957,"performance, sucess, competence","{qID 3I7KR83SNCR5KEXP7HGXM0COUXGK9A-1, sentence Laura always had more motivation in life and achieving goals than Katrina, as _ was optimistic., option1 Laura, option2 Katrina, answer 1}","2025-06-06T13:10:09.321297Z"
87,"1","2025-06-06T13:10:10.019807Z",3914,11.004,"other","{qID 3MZ3TAMYTLL5OU4GHXJ7879WIBGRIT-2, sentence Ben had to either stop eating chocolates or nuts. He chose to stop eating the _ because they were savory., option1 chocolates, option2 nuts, answer 2}","2025-06-06T13:10:10.019864Z"
88,"1","2025-06-06T13:10:11.592702Z",3915,9.197,"other","{qID 3909MD9T21VBZOWSEH5MY1LUCSHFE2-1, sentence James was looking if there is any space to put the book into the shelf. The _ is small., option1 space, option2 book, answer 1}","2025-06-06T13:10:11.592722Z"
89,"1","2025-06-06T13:10:19.715645Z",3916,18.911,"performance, sucess, competence","{qID 3SNR5F7R947V9FYIFPB71YYMSK9EIS-1, sentence James was writing a poem on his jotter when the ink finished. The _ is a long ., option1 poem, option2 ink, answer 1}","2025-06-06T13:10:19.715665Z"
90,"1","2025-06-06T13:10:20.266888Z",3917,30.553,"other","{qID 34F34TZU7WXKFL71KPP6J0GOJZ2J2X-2, sentence The couple drank wine out of glasses instead of mugs, because the _ were clean., option1 mugs, option2 glasses, answer 2}","2025-06-06T13:10:20.266908Z"
91,"1","2025-06-06T13:10:20.849188Z",3918,8.103,"other","{qID 37PGLWGSJVKYVFQSBBMAZTBQBYPKIX-1, sentence Dividing the candy was more difficult than dividing the apples because every kid wanted the _ ., option1 candy, option2 apples, answer 1}","2025-06-06T13:10:20.849209Z"
92,"1","2025-06-06T13:10:21.457565Z",3919,13.084999999999999,"other","{qID 3O4VWC1GEW49033KOP3B2ALGKZ73J0-1, sentence Brian wanted to be a home based administrative assistant and Kenneth didn't because _ liked staying at home., option1 Brian, option2 Kenneth, answer 1}","2025-06-06T13:10:21.457617Z"
93,"1","2025-06-06T13:10:22.109460Z",3920,11.396999999999998,"performance, sucess, competence","{qID 3B6F54KMR2A6P38VOFY66IX6ND11SG-2, sentence Brian had a large collection of coins that Kevin really admired, so _ asked him for some duplicates., option1 Brian, option2 Kevin, answer 2}","2025-06-06T13:10:22.109481Z"
94,"1","2025-06-06T13:10:22.744502Z",3921,28.343,"relationship, helping","{qID 3APP19WN73SD09Z8JJS64YTSV1P6GK-2, sentence William forgot about all the times when Ian saved them, despite how _ was generally self-sacrificing., option1 William, option2 Ian, answer 2}","2025-06-06T13:10:22.744522Z"
95,"1","2025-06-06T13:10:23.357901Z",3922,3.936,"relationship, helping","{qID 3CMIQF80GP44DYTMMFXIYCXU1CV6QO-2, sentence Katrina's being taught how to speak Korean by Felicia, so _ was most likely born in Korea., option1 Katrina, option2 Felicia, answer 2}","2025-06-06T13:10:23.357921Z"
96,"1","2025-06-06T13:10:23.969817Z",3923,7.082000000000001,"Failure","{qID 3HEA4ZVWVF0J18AAX4ZA8VO39BB55O-2, sentence Jason denied Ian's passport application because _ did not provide the correct paperwork in time., option1 Jason, option2 Ian, answer 2}","2025-06-06T13:10:23.969841Z"
97,"1","2025-06-06T13:10:24.579526Z",3924,13.858,"other","{qID 32L724R85LIKCHO145FI3C9HHSMIPK-2, sentence I wanted a combination of Vanilla and tea tree essence scents but it smelled like Vanilla because the _ essence was too weak., option1 Vanilla, option2 tea tree, answer 2}","2025-06-06T13:10:24.579595Z"
98,"1","2025-06-06T13:10:25.202892Z",3925,15.562000000000001,"other","{qID 3LN50BUKPXP1W7VE96OVNQPINZBPLG-2, sentence I'd rather play on a soccer team than be a kicker on a foot ball team since the _ ball is harder to kick., option1 soccer, option2 foot, answer 2}","2025-06-06T13:10:25.202917Z"
99,"1","2025-06-06T13:10:25.816863Z",3926,6.868,"other","{qID 3I4E7AFQ2KXEZK1E3492KNPEER2TJB-1, sentence Kyle thought the temperature was too warm while William thought it was too cold, so _ turned the heat down., option1 Kyle, option2 William, answer 1}","2025-06-06T13:10:25.816898Z"
100,"1","2025-06-06T13:10:26.469445Z",3927,10.715,"Failure","{qID 3PIOQ99R7YKPIN7OI7R4IQSX6RPUNM-2, sentence William wanted an egg for breakfast, but Kevin ate the last one, so _ had to give them cereal., option1 William, option2 Kevin, answer 2}","2025-06-06T13:10:26.469466Z"
101,"1","2025-06-06T13:10:27.111493Z",3928,11.357,"other","{qID 3LN3BXKGC29BUOEEA15A2SS5J15WGU-2, sentence The woman sprayed cleaner on the mirror but skipped the countertop because the _ was clean., option1 mirror, option2 countertop, answer 2}","2025-06-06T13:10:27.111546Z"
102,"1","2025-06-06T13:10:27.734220Z",3929,7.237,"comparison of performance, road to sucess","{qID 3JY0Q5X05LKFX2OEVW1SGP6IQKYGGF-2, sentence Justin wrote a paragraph in his planner every day unlike Matthew because _ was disorganized., option1 Justin, option2 Matthew, answer 2}","2025-06-06T13:10:27.734240Z"
103,"1","2025-06-06T13:10:28.391521Z",3930,19.532,"Failure","{qID 3UOMW19E6D4P64KISGAIU365DNSC5H-2, sentence The children could only count the number of balls in one jar and not the beans in the other because the _ were too numerous., option1 balls, option2 beans, answer 2}","2025-06-06T13:10:28.391543Z"
104,"1","2025-06-06T13:10:29.041942Z",3931,21.915,"comparison of performance, road to sucess","{qID 33W1NHWFYHJ4ZZ6ILQCO8HD4XV4TZX-1, sentence Erin is known an an entrepreneur while Victoria is only an employee because _ owns a business., option1 Erin, option2 Victoria, answer 1}","2025-06-06T13:10:29.041963Z"
105,"1","2025-06-06T13:10:29.673932Z",3932,14.484,"other","{qID 30Y6N4AHYPUOGJOUPJIWHATJQ9LDRW-2, sentence Since _ arrived at work later Dennis would eat their lunch before Adam in the break room at their job., option1 Dennis, option2 Adam, answer 2}","2025-06-06T13:10:29.673953Z"
106,"1","2025-06-06T13:10:30.347472Z",3933,19.044,"other","{qID 3ZFRE2BDQ9CBGGF2Q0DLXKYAANVZXH-1, sentence The stomach of Neil was rumbling, but Samuel seemed fine, due to _ being hungry., option1 Neil, option2 Samuel, answer 1}","2025-06-06T13:10:30.347515Z"
107,"1","2025-06-06T13:10:30.984089Z",3934,23.262,"Failure","{qID 3MDWE879UJG4RBTV1434NXTX5R0B9I-2, sentence After Logan contracted the chickenpox from Joseph so _ spent the day sending nice texts about it., option1 Logan, option2 Joseph, answer 2}","2025-06-06T13:10:30.984110Z"
108,"1","2025-06-06T13:10:31.663811Z",3935,14.863999999999999,"Failure","{qID 31ANT7FQN80GNCVYE8OJ5U3LQEB5HV-1, sentence The man wanted to put the luggage in the house but the _ was too small., option1 house, option2 luggage, answer 1}","2025-06-06T13:10:31.663833Z"
109,"1","2025-06-06T13:10:32.372839Z",3936,14.069,"other","{qID 3MDWE879UJG4RBTV1434NXTX5T39BN-2, sentence The experience was totally unforgettable for Betty but not Samantha because _ had dreaded it for months., option1 Betty, option2 Samantha, answer 2}","2025-06-06T13:10:32.372870Z"
110,"1","2025-06-06T13:10:33.020872Z",3937,59.95,"other","{qID 3YGYP13643NCWKEEYB8Z5DTLS2KNR6-1, sentence Kyle got a new cell phone and showed it to Leslie because _ was happy about the new phone., option1 Kyle, option2 Leslie, answer 1}","2025-06-06T13:10:33.020913Z"
111,"1","2025-06-06T13:10:33.711077Z",3938,10.035,"other","{qID 3YLPJ8OXXARA78QKP5ZVVM9A3A94X6-1, sentence When one experiences cramps they can get into a warm bath or use a heating pad, but the _ is more of an inconvenience., option1 bath, option2 heating pad, answer 1}","2025-06-06T13:10:33.711113Z"
112,"1","2025-06-06T13:10:34.411031Z",3939,6.328,"relationship, helping","{qID 3ZQX1VYFTD392B0NGJQC1NAD4V4O8S-1, sentence Neil agreed to help wash Adam's large dog, and _ was very eager to help., option1 Neil, option2 Adam, answer 1}","2025-06-06T13:10:34.411056Z"
113,"1","2025-06-06T13:12:21.435825Z",3940,10.238,"other","{qID 3L60IFZKF5W7XUE0Z81SMPUKLT4HHD-2, sentence Cricket is a favorite past time of Lindsey, while Rachel has never heard of it. _ is more likely to be American., option1 Lindsey, option2 Rachel, answer 2}","2025-06-06T13:12:21.435846Z"
114,"1","2025-06-06T13:12:22.429903Z",3941,37.598,"performance, sucess, competence","{qID 3K8CQCU3KGFH4GV0X5I5SC12KHZNW9-1, sentence It was clear that Jessica understood and was entertained by the article from Monica because _ was the reader., option1 Jessica, option2 Monica, answer 1}","2025-06-06T13:12:22.429937Z"
115,"1","2025-06-06T13:12:23.257029Z",3942,27.841,"Failure","{qID 3W3RSPVVGU5EOC3AQSNPXWCGUI3ULI-2, sentence In an effort to control kennel cough, Emily sent Maria to get the medication but _ was busy examining the animals., option1 Emily, option2 Maria, answer 2}","2025-06-06T13:12:23.257049Z"
116,"1","2025-06-06T13:12:23.931203Z",3943,8.078,"other","{qID 3BC9H1KCYUAWMQ07K9FGHUB108VWY7-1, sentence Jan poured the entire cup of lemon juice into the bowl bananas until the _ was empty., option1 cup, option2 bowl, answer 1}","2025-06-06T13:12:23.931239Z"
117,"1","2025-06-06T13:12:24.565740Z",3944,41.919000000000004,"comparison of performance, road to sucess","{qID 3MQKOF1EE2MTOF5GODS24910D6FWDS-2, sentence The insurance company blamed Leslie instead of Logan for the accident since _ had a green light., option1 Leslie, option2 Logan, answer 2}","2025-06-06T13:12:24.565763Z"
118,"1","2025-06-06T13:12:25.687040Z",3945,11.468,"Failure","{qID 3N5YJ55YXG153ETQC2ADIPG345GANC-1, sentence The chef decided to store the food in the container but the _ was too large., option1 food, option2 container, answer 1}","2025-06-06T13:12:25.687073Z"
119,"1","2025-06-06T13:12:26.752015Z",3946,32.746,"relationship, helping","{qID 3TFJJUELSHNX771VAX8KWW3TTFCC2V-1, sentence My sister enjoyed writing on the blog more than in her journal, because the _ for everyone to see., option1 blog, option2 journal, answer 1}","2025-06-06T13:12:26.752047Z"
120,"1","2025-06-06T13:12:27.659381Z",3947,11.881,"comparison of performance, road to sucess","{qID 3ODOP6T3AUY96SNN1GE25WFER5142X-1, sentence Derrick spent the entire summer laying on the hot beach, while Jeffrey spent the summer indoors, so _ 's hair had more sun damage., option1 Derrick, option2 Jeffrey, answer 1}","2025-06-06T13:12:27.659419Z"
121,"1","2025-06-06T13:12:29.650106Z",3948,11.818999999999999,"other","{qID 3NQUW096N8MG4KF7SHSY10P3IVT9L5-1, sentence This menu was very eclectic. They served everything from  a three tiered burger to sushi to omeletes. The _ was juicy., option1 burger, option2 sushi, answer 1}","2025-06-06T13:12:29.650194Z"
122,"1","2025-06-06T13:12:30.472687Z",3949,11.623,"other","{qID 3VGET1QSZ0XD7646X0PG4HR4W9E7W9-2, sentence the statistics show many females compared to the males are being born everyday, the _ are few., option1 females, option2 males, answer 2}","2025-06-06T13:12:30.472715Z"
123,"1","2025-06-06T13:12:31.237410Z",3950,36.446000000000005,"other","{qID 3TCFMTM8HG2SETQ4EYV07Y8BFL721Y-2, sentence Robert made the choice to buy Neil's house, so _ had a lot more money in the bank afterwards., option1 Robert, option2 Neil, answer 2}","2025-06-06T13:12:31.237435Z"
124,"1","2025-06-06T13:12:31.929897Z",3951,7.748,"Failure","{qID 3RWB1RTQDL16H0BVFHFRIL3C3XW8PT-2, sentence The medical exam for the broken arm was longer than the exam on the heart because the _ was a serious problem., option1 heart, option2 arm, answer 2}","2025-06-06T13:12:31.929920Z"
125,"1","2025-06-06T13:12:32.646294Z",3952,12.604,"relationship, helping","{qID 3ACRLU860NC6SIL5PH7QND603EIEB1-2, sentence When opening up about their crushes, Kenneth sighed at Jeffrey because _ forgot who their crush was., option1 Kenneth, option2 Jeffrey, answer 2}","2025-06-06T13:12:32.646316Z"
126,"1","2025-06-06T13:12:33.380737Z",3953,21.013,"other","{qID 3R6RZGK0XHQY1QZ9EXMKNQGWI2FVYY-1, sentence Jack loved math and disliked social sciences, so when deciding to take sociology or math that semester, the counselor entered the _ because Jack was receptive to it., option1 math, option2 sociology, answer 1}","2025-06-06T13:12:33.380761Z"
127,"1","2025-06-06T13:12:34.089322Z",3954,15.108,"performance, sucess, competence","{qID 3WUVMVA7OB1ZK379FQL7DCNC925ZAW-1, sentence Christopher wanted to be a specialist but not Adam because _ had an interest in a limited number of subjects., option1 Christopher, option2 Adam, answer 1}","2025-06-06T13:12:34.089359Z"
128,"1","2025-06-06T13:12:34.755444Z",3955,7.585,"other","{qID 3S37Y8CWIAEVI8LUF039T3V2T04W4N-2, sentence Megan enjoyed summer while Felicia did not.   _  spent much time indoors., option1 Megan, option2 Felicia, answer 2}","2025-06-06T13:12:34.755470Z"
129,"1","2025-06-06T13:12:37.279072Z",3956,16.6,"Failure","{qID 3OEWW2KGQLP0DVVLHPDSFDCN5IJDO8-2, sentence John could not remove the wallpaper attached to the wall with a glue without the wallpaper tearing apart. The _ is weak., option1 glue, option2 wallpaper, answer 2}","2025-06-06T13:12:37.279207Z"
130,"1","2025-06-06T13:12:38.085187Z",3957,13.375,"relationship, helping","{qID 3VJ4PFXFJ35IY4DZ93MZWK8XC3SAUR-2, sentence The counselor treated the child who suffered from abuse by giving her a teddy instead of a blanket because the _ was boring., option1 teddy, option2 blanket, answer 2}","2025-06-06T13:12:38.085210Z"
131,"1","2025-06-06T13:12:38.820331Z",3958,42.461,"Failure","{qID 38Z7YZ2SB5GK6IONOG67VFN0CNPIQ1-2, sentence John cared for the pot while it was being transported in the box but it eventually got broken. The _ is hard., option1 pot, option2 box, answer 2}","2025-06-06T13:12:38.820351Z"
132,"1","2025-06-06T13:12:39.569792Z",3959,11.67,"relationship, helping","{qID 3R5OYNIC2C7ALV4CYHEMHJBQSDLPTZ-1, sentence Donald offered Leslie their last stick of  mint gum as _ had a minty breath already., option1 Donald, option2 Leslie, answer 1}","2025-06-06T13:12:39.569813Z"
133,"1","2025-06-06T13:12:40.279066Z",3960,61.911,"comparison of performance, road to sucess","{qID 3ZZAYRN1I6PS0VSBJH17SJ60DNOTOA-2, sentence After Samuel won the cherry jam contest, Kyle still believed they should have won since _ sweetened with low calorie sweetener and the judges went by taste., option1 Samuel, option2 Kyle, answer 2}","2025-06-06T13:12:40.279108Z"
134,"1","2025-06-06T13:12:41.015008Z",3961,31.872,"relationship, helping","{qID 3RKHNXPHGWUOAHMLLUZOQYBTHGGKUC-1, sentence Felicia looked sad and disappointed after she asked Christine refused to be her girlfriend because _ liked her., option1 Felicia, option2 Christine, answer 1}","2025-06-06T13:12:41.015065Z"
135,"1","2025-06-06T13:12:41.676100Z",3962,36.67,"other","{qID 30F94FBDNTYNBQ29ZA8LEXU9ZY4BTJ-1, sentence Matthew wants to sell Kevin tickets to the football game because _ needs the money., option1 Matthew, option2 Kevin, answer 1}","2025-06-06T13:12:41.676133Z"
136,"1","2025-06-06T13:12:42.444723Z",3963,22.057000000000002,"hesitation, question, advice","{qID 3TRB893CSLOW49DD2TXYACTOQQKG7W-2, sentence Elena told Natalie to put the hood of her jacket up because _ was likely to get cold., option1 Elena, option2 Natalie, answer 2}","2025-06-06T13:12:42.444755Z"
137,"1","2025-06-06T13:12:43.215246Z",3964,16.240000000000002,"Failure","{qID 30Y6N4AHYRA3A8N19HUW98HSF1TDRY-1, sentence Lawrence made a bowl at the pottery store and Randy accidentally broke it. _ decided to make another., option1 Lawrence, option2 Randy, answer 1}","2025-06-06T13:12:43.215271Z"
138,"1","2025-06-06T13:12:43.817363Z",3965,63.7,"Failure","{qID 35F6NGNVMAX09EZJMTW59V8EHIR7TU-1, sentence The node on the head needed medication applied to its area because the _ was swollen., option1 node, option2 medication, answer 1}","2025-06-06T13:12:43.817386Z"
139,"1","2025-06-06T13:12:44.586255Z",3966,44.416000000000004,"relationship, helping","{qID 3Y3CZJSZ9KRTC691AD0DJY5RDO45RP-1, sentence Sue traditionally donated old clothes to her favorite charity but in recent years has just written them checks as the _ were better received., option1 checks, option2 clothes, answer 1}","2025-06-06T13:12:44.586290Z"
140,"1","2025-06-06T13:12:45.247115Z",3967,8.991,"relationship, helping","{qID 3KI0JD2ZU3WU7GO7QGOCYLG0X3C670-2, sentence Matthew offered to help write a fitness plan for Christopher because _ was out of shape., option1 Matthew, option2 Christopher, answer 2}","2025-06-06T13:12:45.247146Z"
141,"1","2025-06-06T13:12:45.879377Z",3968,90.001,"other","{qID 3QO7EE372Q1AJAAHI6EQ9SJMFJ1QB0-1, sentence The waves destroyed the garage but left the house intact because the _ was so close to the shore., option1 garage, option2 house, answer 1}","2025-06-06T13:12:45.879398Z"
142,"1","2025-06-06T13:12:46.374270Z",3969,16.224999999999998,"other","{qID 3Z56AA6EK4YYYUWNAOE1P5PHYGD6ME-2, sentence Katrina sells Maria a rug at the local flea market because _ is a customer., option1 Katrina, option2 Maria, answer 2}","2025-06-06T13:12:46.374297Z"
143,"1","2025-06-06T13:12:47.380241Z",3970,12.542,"relationship, helping","{qID 3UUSLRKAUL1EY04FG5KQCT2JPT87D0-2, sentence Joan's grandmother always wanted a hug and a kiss, but Joan preferred the _ because she was afraid of germs., option1 kiss, option2 hug, answer 2}","2025-06-06T13:12:47.380261Z"
144,"1","2025-06-06T13:12:48.060595Z",3971,6.22,"other","{qID 35ZRNT9RUIWN1EUH42VGA622O6G3OD-2, sentence The library kept an enormous collection of novels but not comics because the _ were dull., option1 novels, option2 comics, answer 2}","2025-06-06T13:12:48.060634Z"
145,"1","2025-06-06T13:12:48.624389Z",3972,7.557,"comparison of performance, road to sucess","{qID 3DGDV62G7QNVVL96Z06Q8UQ9I1WP28-1, sentence Carrie's store has more loyal customers than Patricia's store does because _ 's store is older., option1 Carrie, option2 Patricia, answer 1}","2025-06-06T13:12:48.624410Z"
146,"1","2025-06-06T13:12:49.249106Z",3973,14.427999999999999,"Failure","{qID 3N2YPY1GI6WL1WJBUYYQOP07687EVK-1, sentence Christine didn't pass the lie detection test that Jessica did because _ had something to hide., option1 Christine, option2 Jessica, answer 1}","2025-06-06T13:12:49.249211Z"
147,"1","2025-06-06T13:12:49.828310Z",3974,20.135,"other","{qID 3DW3BNF1GJWJMK8R1TOQODSUPG9V83-1, sentence Carrie faced the fan away from Angela because _ was getting too warm in the kitchen., option1 Carrie, option2 Angela, answer 1}","2025-06-06T13:12:49.828357Z"
148,"1","2025-06-06T13:12:50.458098Z",3975,9.362,"comparison of performance, road to sucess","{qID 3OZ4VAIBEXDTCC538Z9HL5DZBHAJVJ-1, sentence The winter made Jason's hands dry, but not Leslie's, since _ always forgot to moisturize at night., option1 Jason, option2 Leslie, answer 1}","2025-06-06T13:12:50.458118Z"
149,"1","2025-06-06T13:17:39.877281Z",3976,18.578,"Failure","{qID 3SU800BH86QALKKGYZJLMKN2B7IQUL-2, sentence Because Carrie lost a bet to Cynthia over the basketball game, _ spent hours having the cleaning done for them., option1 Carrie, option2 Cynthia, answer 2}","2025-06-06T13:17:39.877333Z"
150,"1","2025-06-06T13:17:40.385348Z",3977,11.293000000000001,"other","{qID 3S4TINXCC0LS49YUJVAMSP0ECY1BOK-2, sentence I would rather listen to the radio than watch the TV at night since I find the _ disruptive., option1 radio, option2 TV, answer 2}","2025-06-06T13:17:40.385370Z"
151,"1","2025-06-06T13:17:41.005118Z",3978,18.595000000000002,"comparison of performance, road to sucess","{qID 3OLZC0DJ8LTCBQK4AF0H12M7R93VIR-1, sentence Randy started his own business while Ryan worked for someone else so _ had self-employment taxes., option1 Randy, option2 Ryan, answer 1}","2025-06-06T13:17:41.005165Z"
152,"1","2025-06-06T13:17:41.533355Z",3979,15.103,"relationship, helping","{qID 3NI0WFPPIBUGP5ON5H33J66DPUU60Y-2, sentence Her boyfriend regretted buying her a jacket and got her a new hat instead, as he knew she thought the _ was a perfect match for her wardrobe., option1 jacket, option2 hat, answer 2}","2025-06-06T13:17:41.533376Z"
153,"1","2025-06-06T13:17:42.317922Z",3980,43.174,"other","{qID 3OID399FXG5RDTJLYOI20LF0NKKDF9-2, sentence Monica wanted to use a vacuum to clean the floor, but Victoria wanted to use a broom. _ cleaned the floor much slower., option1 Monica, option2 Victoria, answer 2}","2025-06-06T13:17:42.317943Z"
154,"1","2025-06-06T13:17:42.947687Z",3981,8.057,"Failure","{qID 31ANT7FQN80GNCVYE8OJ5U3LQG1H51-1, sentence I used several sprays to get rid of the bedbugs but they didn't work, because the _ were powerless., option1 sprays, option2 bedbugs, answer 1}","2025-06-06T13:17:42.947720Z"
155,"1","2025-06-06T13:17:43.525202Z",3982,6.773,"other","{qID 3O0M2G5VC8GK6C8MMPTHFJNRVLL49F-1, sentence Monica enjoyed watching Western films while Natalie enjoyed romantic ones more because _ grew up on a farm., option1 Monica, option2 Natalie, answer 1}","2025-06-06T13:17:43.525223Z"
156,"1","2025-06-06T13:17:44.404956Z",3983,7.005,"other","{qID 3V8JSVE8Y04HZFDNJ7XANMS9HPVYEB-1, sentence There were more books at the library than at the bookstore because the _ was bigger., option1 library, option2 bookstore, answer 1}","2025-06-06T13:17:44.404980Z"
157,"1","2025-06-06T13:17:45.025849Z",3984,8.102,"comparison of performance, road to sucess","{qID 3WRBLBQ2GR63S9EMXW0P3ZVTPV4G0C-2, sentence Drawing was a talent of Sarah but not Carrie so _ was always eager to see her artwork ., option1 Sarah, option2 Carrie, answer 2}","2025-06-06T13:17:45.025908Z"
158,"1","2025-06-06T13:17:45.636224Z",3985,9.672,"comparison of performance, road to sucess","{qID 3RZS0FBRWK8TZE21CVJWS9BMZ6JPC3-2, sentence Emily spent a lot of money on their smartphone but Rachel bought a cheap one because _ was very dowdy., option1 Emily, option2 Rachel, answer 2}","2025-06-06T13:17:45.636261Z"
159,"1","2025-06-06T13:17:46.291594Z",3986,10.406,"other","{qID 3ACRLU860PSLM7KC9FJQFBU9XUOBEF-2, sentence Tea and coffee should be drunk out of different vessels, cups and mugs respectively. Coffee is usually served in the _ , with milk and sometimes sugar., option1 cup, option2 mug, answer 2}","2025-06-06T13:17:46.291617Z"
160,"1","2025-06-06T13:17:46.910304Z",3987,13.568,"hesitation, question, advice","{qID 32PT7WK7DOTBR62ZYRT0RAEC9NDD3U-1, sentence Neil asked Michael what it was like to go to war because _ was a pacifist., option1 Neil, option2 Michael, answer 1}","2025-06-06T13:17:46.910367Z"
161,"1","2025-06-06T13:17:47.637468Z",3988,10.591,"other","{qID 3UEDKCTP9X416V9WSKID84LHXNJ7K4-2, sentence I went into the mine looking for diamonds but all I found was quartz and topaz.  I settled on the _ because it was almost clear., option1 topaz, option2 quartz, answer 2}","2025-06-06T13:17:47.637495Z"
162,"1","2025-06-06T13:17:48.266437Z",3989,9.177,"other","{qID 3D3B8GE892PR1GVY0B95QJAEY279P0-2, sentence The chef thinks it's more healthy to eat apples than beets, so he hates putting the _ in his smoothies., option1 apples, option2 beets, answer 2}","2025-06-06T13:17:48.266460Z"
163,"1","2025-06-06T13:17:48.913056Z",3990,11.991999999999999,"other","{qID 37VE3DA4YUFICSC7FIFW8G3DVYNHB5-1, sentence Jennifer was at risk of encountering a shark during their swim, but Emily was not, because _ swam in the ocean., option1 Jennifer, option2 Emily, answer 1}","2025-06-06T13:17:48.913090Z"
164,"1","2025-06-06T13:17:49.565978Z",3991,36.257999999999996,"other","{qID 3EQVJH0T40JI8E6OF46H8A9Z6IJHTM-1, sentence The documents contained in the files could not fit properly. The _ were too small., option1 Files, option2 Documents, answer 1}","2025-06-06T13:17:49.565998Z"
165,"1","2025-06-06T13:17:50.225520Z",3992,5.832,"other","{qID 35ZRNT9RUIWN1EUH42VGA622JTGO33-1, sentence Avid bookworms, Lawrence read fiction while Jason read non-fiction. _ liked to escape into an imaginary world., option1 Lawrence, option2 Jason, answer 1}","2025-06-06T13:17:50.225551Z"
166,"1","2025-06-06T13:17:51.059101Z",3993,7.8389999999999995,"other","{qID 3P888QFVX3SF8F0J2D7CNEVDYXFOQK-1, sentence Mary only wore stripes to work and not plaids because the _ made her look sloppy., option1 plaids, option2 stripes, answer 1}","2025-06-06T13:17:51.059122Z"
167,"1","2025-06-06T13:17:51.669377Z",3994,10.509,"other","{qID 3IZVJEBJ6CYDRQUD9BGVP59Y6LBZ6I-2, sentence The bumper on the car shone brighter than the handle on the car because the _ was dirtier., option1 bumper, option2 handle, answer 2}","2025-06-06T13:17:51.669399Z"
168,"1","2025-06-06T13:17:52.281982Z",3995,15.109,"other","{qID 3ECKRY5B1SATKAPEBCPKM8Z4GNJZIE-2, sentence Ian is making a pool party for Neil and needs to raise pH in a pool, so _ could safely enjoy party., option1 Ian, option2 Neil, answer 2}","2025-06-06T13:17:52.282008Z"
169,"1","2025-06-06T13:17:52.917492Z",3996,23.311,"relationship, helping","{qID 302U8RURJ1F4PRVV7VD96AIOD98VNK-2, sentence While Billie brought a pencil, I brought a pen to the realtoru2019s office. I gave Billie my pen and she gladly used the _ to sign the document., option1 pencil, option2 pen, answer 2}","2025-06-06T13:17:52.917513Z"
170,"1","2025-06-06T13:17:53.588570Z",3997,24.094,"other","{qID 3C8QQOM6JRF9FL8AWBYBETO62IMLI1-1, sentence No one was able to enjoy the story and we started to listen to the music. The _ is boring., option1 story, option2 music, answer 1}","2025-06-06T13:17:53.588591Z"
171,"1","2025-06-06T13:17:54.079072Z",3998,12.652000000000001,"comparison of performance, road to sucess","{qID 37VUR2VJ6C35CBI6BRK6JBHXRC41CQ-2, sentence The teeth of Katrina are more yellow than Laura's due to _ drinking mostly water all the time., option1 Katrina, option2 Laura, answer 2}","2025-06-06T13:17:54.079092Z"
172,"1","2025-06-06T13:17:54.711337Z",3999,13.190999999999999,"other","{qID 3P4C70TRMTVVJU2F6NY8THBPLQ7LGO-1, sentence It was necessary to hit the iron with the sledgehammer after the _ got heated., option1 iron, option2 sledgehammer, answer 1}","2025-06-06T13:17:54.711357Z"
173,"1","2025-06-06T13:17:56.796509Z",4000,193.201,"other","{qID 3I7SHAD35OAWWJ9ZDWVTNHDLMYLM77-2, sentence Kevin didn't consider the costs when they bought the house from Derrick, so _ was rid of the money pit., option1 Kevin, option2 Derrick, answer 2}","2025-06-06T13:17:56.796530Z"
174,"1","2025-06-06T13:17:57.448136Z",4001,8.652,"relationship, helping","{qID 371DNNCG440PF35VC0CBVXG033L8TY-2, sentence Robert helped create an internet viral video sensation of Kyle when _ danced in video., option1 Robert, option2 Kyle, answer 2}","2025-06-06T13:17:57.448175Z"
175,"1","2025-06-06T13:17:58.625826Z",4002,23.276,"relationship, helping","{qID 3DZKABX2ZKJLYNY4I54VQZOCEQLCVG-2, sentence Rebecca invited Maria to a concert, then _ had to get permission to attend from their parents., option1 Rebecca, option2 Maria, answer 2}","2025-06-06T13:17:58.625849Z"
176,"1","2025-06-06T13:17:59.290111Z",4003,6.052,"comparison of performance, road to sucess","{qID 30P8I9JKOIJL5DQIJX5NKVUUTHCV58-2, sentence Betty was able to hold the pigeon longer than Angela because _ is scared of birds., option1 Betty, option2 Angela, answer 2}","2025-06-06T13:17:59.290135Z"
177,"1","2025-06-06T13:18:00.392989Z",4004,10.126000000000001,"comparison of performance, road to sucess","{qID 38XPGNCKHVEI3JLPPQYD71COMD44VV-2, sentence Nick gets jock itch a lot, while Jason has never even worn a jock strap. _ is the artist., option1 Nick, option2 Jason, answer 2}","2025-06-06T13:18:00.393025Z"
178,"1","2025-06-06T13:18:01.780187Z",4005,28.043999999999997,"Failure","{qID 39AYGO6AFFI4GCHNMPT12KEH8NL6NF-2, sentence The theraband that Jill purchased for herself would not fit around her leg, the _ was too wide., option1 theraband, option2 leg, answer 2}","2025-06-06T13:18:01.780220Z"
179,"1","2025-06-06T13:18:02.404246Z",4006,32.632000000000005,"Failure","{qID 3IVKZBIBJ2NWN3SGA2DRQ31MTY2SHD-2, sentence James could not get the bag closed because of the clothe in it. The _ is small., option1 cloth, option2 bag, answer 2}","2025-06-06T13:18:02.404272Z"
180,"1","2025-06-06T13:18:03.028716Z",4007,8.732999999999999,"other","{qID 3HJ1EVZS2QX5SGL4GSOKWZVGPWV3RY-2, sentence Michelle made her biscuits with shortening and no butter at all, because she thought the _ made them taste lighter., option1 butter, option2 shortening, answer 2}","2025-06-06T13:18:03.028746Z"
181,"1","2025-06-06T13:18:05.408255Z",4008,48.169999999999995,"comparison of performance, road to sucess","{qID 3TLFH2L6Y9METO36WJ3AL63XH3TT2G-1, sentence Dennis has been away on vacation, while Nelson stayed home so the lettuce in _ 's fridge was rotten., option1 Dennis, option2 Nelson, answer 1}","2025-06-06T13:18:05.408280Z"
182,"1","2025-06-06T13:18:07.624868Z",4009,15.812999999999999,"performance, sucess, competence","{qID 3V0TR1NRVA0JH6JKUXVHJGA3DQC4A6-2, sentence Jen put her derma roller into the water, so that the cleaner could sterilize it with the _ ., option1 derma roller, option2 water, answer 2}","2025-06-06T13:18:07.624892Z"
183,"1","2025-06-06T13:18:08.157393Z",4010,24.284,"hesitation, question, advice","{qID 32LAQ1JNTB327PBFZ1PGJNMXOF2TU1-2, sentence The case James used to carry the file still got more space in it. I wonder why he chose the _ that is small., option1 case, option2 file, answer 2}","2025-06-06T13:18:08.157414Z"
184,"1","2025-06-06T13:18:08.707709Z",4011,10.205,"comparison of performance, road to sucess","{qID 31JUPBOORN21WQXQ3RAK966J43N8L4-1, sentence Learning to play a glockenspiel was instinctual for Derrick but not Adam because _ is arty., option1 Derrick, option2 Adam, answer 1}","2025-06-06T13:18:08.707730Z"
185,"1","2025-06-06T13:18:09.312359Z",4012,10.161999999999999,"Failure","{qID 3VI0PC2ZA0YEB1028PE49KFFKM0XO6-2, sentence My knee joint is less injured than my ankle joint so I'm trying not to put too much stress on the _ if I can help it., option1 knee joint, option2 ankle joint, answer 2}","2025-06-06T13:18:09.312380Z"
186,"1","2025-06-06T13:18:09.919435Z",4013,10.535,"comparison of performance, road to sucess","{qID 3XABXM4AJ3JRHCCAFUUGIQTM9XA8QL-2, sentence Donald didn't like to keep clean the way Matthew did, so _ tended to smell nice., option1 Donald, option2 Matthew, answer 2}","2025-06-06T13:18:09.919459Z"
187,"1","2025-06-06T13:18:10.563476Z",4014,39.432,"Failure","{qID 3PKJ68EHDNUOUBAJ3ASD64MQ8GSHJH-1, sentence The man realized he had gotten the lens for his glasses instead of his camera, the _ lens was much thicker., option1 camera, option2 glasses, answer 1}","2025-06-06T13:18:10.563499Z"
188,"1","2025-06-06T13:18:11.356560Z",4015,21.930999999999997,"relationship, helping","{qID 3CZH926SIES118Z3U0937XO2MY24EM-1, sentence Sunday afternoon Laura made some buttermilk biscuits for Victoria, and _ made quick work of making them., option1 Laura, option2 Victoria, answer 1}","2025-06-06T13:18:11.356582Z"
189,"1","2025-06-06T13:18:11.963523Z",4016,11.146,"performance, sucess, competence","{qID 3GKAWYFRAR7IYV7MWPQ74DHCD8SDP4-1, sentence To cope with her problems the teenager wrote in the journal and not the diary since the _ 's pages were bigger., option1 journal, option2 diary, answer 1}","2025-06-06T13:18:11.963560Z"
190,"1","2025-06-06T13:18:12.609206Z",4017,16.487000000000002,"other","{qID 3G9UA71JVVSR1M47Q161FRXWUFWJ7L-2, sentence Bob tore his shirt that was a night shirt. He decided to get a tuxedo shirt because the _ is new., option1 night shirt, option2 tuxedo shirt, answer 2}","2025-06-06T13:18:12.609237Z"
191,"1","2025-06-06T13:18:13.215223Z",4018,44.522,"comparison of performance, road to sucess","{qID 37NXA7GVST4Z72T3BKLU1KQRKNOLVZ-1, sentence Hunter was suicidal and Robert responded for the reason that _ had never been in this critical situation., option1 Hunter, option2 Robert, answer 1}","2025-06-06T13:18:13.215243Z"
192,"1","2025-06-06T13:18:13.836472Z",4019,11.898,"Failure","{qID 37VHPF5VYC18TM3KQEHL6NGWAZ08CP-2, sentence Rachel included Tanya in her YouTube video, but _ was furious because she had failed to obtain permission., option1 Rachel, option2 Tanya, answer 2}","2025-06-06T13:18:13.836508Z"
193,"1","2025-06-06T13:18:14.457780Z",4020,48.116,"other","{qID 3421H3BM9CVA9UR7PWGLLLCADYY9JU-1, sentence A conductor on the train Felicia has been for years today Elena will present them with a award _ is being honored., option1 Felicia, option2 Elena, answer 1}","2025-06-06T13:18:14.457801Z"
194,"1","2025-06-06T13:18:15.123057Z",4021,8.305000000000001,"other","{qID 34XASH8KLS0L2PDZ9IPAN346MHFMPG-1, sentence The police could escort the prisoner to the gate but not to the cell, as entry to _ was permitted ., option1 gate, option2 cell, answer 1}","2025-06-06T13:18:15.123081Z"
195,"1","2025-06-06T13:18:17.017972Z",4022,16.883,"other","{qID 3LOJFQ4BOXD2TFBZZZ9ZGY75VD8DKC-1, sentence When Brenda coated her wood panels with varnish, the concrete surface beneath got stained. The varnish protected and beautified the _ ., option1 wood, option2 concrete, answer 1}","2025-06-06T13:18:17.018005Z"
196,"1","2025-06-06T13:18:48.699781Z",4023,41.29,"Failure","{qID 3E22YV8GG14CQIZS1LSA8K5Y3PJPN6-1, sentence John was eager to put his fish in the new fish tank on a table but the _ was too delicate., option1 table, option2 tank, answer 1}","2025-06-06T13:18:48.699805Z"
197,"1","2025-06-06T13:18:49.301968Z",4024,6.859,"Failure","{qID 33KGGVH24UFELKUUIP4T5QEY2RB1XU-1, sentence The tea was hurting Ben's teeth, though the coffee was not because the _ was loaded with sugar., option1 tea, option2 coffee, answer 1}","2025-06-06T13:18:49.302030Z"
198,"1","2025-06-06T13:18:50.028952Z",4025,12.029,"other","{qID 3D0LPO3EABXOHHR5TNO600YFX6WOYN-1, sentence He preferred to clean with the soap instead of the body wash, because the _ left him feeling itchy., option1 body wash, option2 soap, answer 1}","2025-06-06T13:18:50.029016Z"
199,"1","2025-06-06T13:18:50.616311Z",4026,43.876,"relationship, helping","{qID 3UEDKCTP9X416V9WSKID84LHXTQK70-1, sentence Katrina loaned their jacket to Carrie during the cold night, although _ was feeling cold themselves., option1 Katrina, option2 Carrie, answer 1}","2025-06-06T13:18:50.616349Z"
200,"1","2025-06-06T13:18:51.227519Z",4027,9.779,"other","{qID 3HO4MYYR12MHB21WJQ5NGF6BB5EU6Y-1, sentence Adam had to schedule a visit a dermatologist but Joseph didn't because _ had bad skin., option1 Adam, option2 Joseph, answer 1}","2025-06-06T13:18:51.227557Z"
201,"1","2025-06-06T13:18:51.807451Z",4028,8.164000000000001,"other","{qID 3LOJFQ4BOXD2TFBZZZ9ZGY75VBGKDN-2, sentence Nancy preferred to eat popcorn rather than candy at the movies because the _ is sweet., option1 popcorn, option2 candy, answer 2}","2025-06-06T13:18:51.807494Z"
202,"1","2025-06-06T13:18:52.422653Z",4029,23.898,"relationship, helping","{qID 36JW4WBR06I8P9ONKK1SR6UYAUBHFF-2, sentence The project meant Emily collaborated with Victoria, who was not excited. _ hated working with others., option1 Emily, option2 Victoria, answer 2}","2025-06-06T13:18:52.422761Z"
203,"1","2025-06-06T13:18:53.061843Z",4030,14.109,"comparison of performance, road to sucess","{qID 3EAWOID6MTVMA64HMRZB30Y3HPJV06-2, sentence While Maria rode the bus to work, Megan rode a motorcycle because _ had an unexpired license., option1 Maria, option2 Megan, answer 2}","2025-06-06T13:18:53.061875Z"
204,"1","2025-06-06T13:18:53.671774Z",4031,8.892999999999999,"comparison of performance, road to sucess","{qID 3IQ9O0AYW8DXYYGF5K020KYNW0UTI8-1, sentence Steven only had one ear but Jeffrey had two. This meant that _ was very lopsided., option1 Steven, option2 Jeffrey, answer 1}","2025-06-06T13:18:53.671798Z"
205,"1","2025-06-06T13:18:54.253276Z",4032,12.229000000000001,"relationship, helping","{qID 3NZ1E5QA6ZZ6WZSCEGENJJ0NQJ8B5I-2, sentence Kevin repaired the wooden  furniture for Kyle last week since _ was an expert carpenter., option1 Kevin, option2 Kyle, answer 2}","2025-06-06T13:18:54.253298Z"
206,"1","2025-06-06T13:18:54.900601Z",4033,11.203,"other","{qID 3TLFH2L6Y9METO36WJ3AL63XCGGT2O-2, sentence Eric thought the clothes looked very nice but Kevin did not agree. _ didn't buy the clothes., option1 Eric, option2 Kevin, answer 2}","2025-06-06T13:18:54.900624Z"
207,"1","2025-06-06T13:18:55.571891Z",4034,15.76,"comparison of performance, road to sucess","{qID 38DCH97KHH01749MM0F7FIERULOJQA-1, sentence Jessica often experiences severe nausea, Victoria does not therefore _ does not ride roller coasters., option1 Jessica, option2 Victoria, answer 1}","2025-06-06T13:18:55.571922Z"
15,"1","2025-06-06T13:06:04.649155Z",4035,11.317,"comparison of performance, road to sucess","{qID 375VSR8FVYN6D9SX1ZJT000V3J3RZB-2, sentence The system that Jeffrey used was amazing compared to Randy, because _ system was lower end., option1 Jeffrey, option2 Randy, answer 2}","2025-06-06T13:06:04.649186Z"
7,"1","2025-06-06T13:04:00.406377Z",4036,3.27,"","{qID 31JUPBOORPIGQFWXNPMK14USYAP8LZ-2, sentence It took Jerry longer to shampoo his hair than his beard although the _ was bushy., option1 hair, option2 beard, answer 2}","2025-06-06T13:04:00.406403Z"
14,"1","2025-06-06T13:05:46.614676Z",4037,2.217,"","{qID 3WRKFXQBOB5ELVG2VSB1G32TGHMIYA-2, sentence Have you ever been on  a nature walk Samantha asked Tanya , _ is giving a reply to a question., option1 Samantha, option2 Tanya, answer 2}","2025-06-06T13:05:46.614700Z"
17,"1","2025-06-06T13:06:30.180611Z",4038,0.798,"","{qID 3BA7SXOG1JOCZOS38B7GVIFIFGW8RP-1, sentence Ben was choosing between a clothing business and a fitness business. He ended up opening the _ business because it was healthy., option1 fitness, option2 clothing, answer 1}","2025-06-06T13:06:30.180632Z"
