annotation_id,annotator,content_moderation,created_at,id,lead_time,text,updated_at
227,1,,2025-06-24T08:47:12.203226Z,4036,14.943,"{""qID"": ""3QHITW7OYO7Q6B6ISU2UMJB84ZLAQE-2"", ""sentence"": ""Ian volunteered to eat Dennis's menudo after already having a bowl because _ despised eating intestine."", ""option1"": ""Ian"", ""option2"": ""Dennis"", ""answer"": ""2""}",2025-06-24T08:47:12.203264Z
228,1,,2025-06-24T08:47:45.164740Z,4037,17.986,"{""qID"": ""3XWUWJ18TLO2DDRXF83QWLKRJ29UU4-1"", ""sentence"": ""He never comes to my home, but I always go to his house because the _ is smaller."", ""option1"": ""home"", ""option2"": ""house"", ""answer"": ""1""}",2025-06-24T08:47:45.164761Z
229,1,,2025-06-24T08:47:48.903322Z,4038,3.215,"{""qID"": ""3D5G8J4N5CI2K40F4RZLF9OG2CKVTH-2"", ""sentence"": ""Kyle doesn't wear leg warmers to bed, while Logan almost always does. _ is more likely to live in a colder climate."", ""option1"": ""Kyle"", ""option2"": ""Logan"", ""answer"": ""2""}",2025-06-24T08:47:48.903344Z
230,1,,2025-06-24T08:48:03.451067Z,4039,14.086,"{""qID"": ""3DW3BNF1GHG4SV9KHVCQWF4L0K98VE-2"", ""sentence"": ""The GPS and map helped me navigate home.  I got lost when the _ got turned upside down."", ""option1"": ""GPS"", ""option2"": ""map"", ""answer"": ""2""}",2025-06-24T08:48:03.451089Z
231,1,,2025-06-24T08:48:13.934773Z,4040,4.527,"{""qID"": ""3DTJ4WT8BFTH45NSFTZT1T1BND3ZEV-2"", ""sentence"": ""Emily looked up and saw Patricia racing by overhead, as _ was on the ramp ."", ""option1"": ""Emily"", ""option2"": ""Patricia"", ""answer"": ""2""}",2025-06-24T08:48:13.934794Z
232,1,,2025-06-24T08:48:24.777175Z,4041,10.393,"{""qID"": ""304QEQWKZRY6EBUR5DPX06S39IH0OJ-2"", ""sentence"": ""The treasury workers took the gold bars off of the trolley and stacked them in the safe until the _ was empty."", ""option1"": ""safe"", ""option2"": ""trolley"", ""answer"": ""2""}",2025-06-24T08:48:24.777196Z
233,1,,2025-06-24T08:48:33.364499Z,4042,8.153,"{""qID"": ""36FFXPMSTB2HPB0N3LWI6YRLWWHHOX-1"", ""sentence"": ""He thought he had time to take the scenic route to the store, but the _ was under construction."", ""option1"": ""route"", ""option2"": ""store"", ""answer"": ""1""}",2025-06-24T08:48:33.364520Z
234,1,chores,2025-06-24T08:48:41.017245Z,4043,7.199,"{""qID"": ""37SOB9Z0SUBUPIQRB8ROANMHJ463L8-2"", ""sentence"": ""She remembered how annoying it is to dust her wood chair so she bought a plastic table instead.  Cleaning the _ is quick."", ""option1"": ""chair"", ""option2"": ""table"", ""answer"": ""2""}",2025-06-24T08:48:41.017266Z
235,1,,2025-06-24T08:48:59.660937Z,4044,18.175,"{""qID"": ""3D1UCPY6GINZAB68HJIK5I0BYMV83E-2"", ""sentence"": ""To overcome behavioural bias, we need to focus more on changing the conscious actions instead of the unconscious actions because the _ actions are voluntary."", ""option1"": ""unconscious"", ""option2"": ""conscious"", ""answer"": ""2""}",2025-06-24T08:48:59.660973Z
236,1,wealth,2025-06-24T08:49:06.266448Z,4045,6.137,"{""qID"": ""3R5LWXWHR2MQJOJ4K61W4B6CS5OGXO-2"", ""sentence"": ""Megan has a lot less money than Jessica because _ just bought the winning lottery ticket."", ""option1"": ""Megan"", ""option2"": ""Jessica"", ""answer"": ""2""}",2025-06-24T08:49:06.266470Z
237,1,,2025-06-24T08:49:19.593706Z,4046,12.84,"{""qID"": ""3NRZ1LDP7W4677DB493437C7D3WZP2-2"", ""sentence"": ""I picked up a bag of peanuts and raisins for a snack. I wanted a sweeter snack out so I stored the _ for now."", ""option1"": ""raisins"", ""option2"": ""peanuts"", ""answer"": ""2""}",2025-06-24T08:49:19.593728Z
238,1,chores,2025-06-24T08:49:27.701525Z,4047,7.661,"{""qID"": ""3X55NP42EOE5ME6IJ28VZ67STRW3P5-1"", ""sentence"": ""Craig really loves to clean all the time but Derrick does not because _ is very neat."", ""option1"": ""Craig"", ""option2"": ""Derrick"", ""answer"": ""1""}",2025-06-24T08:49:27.701568Z
239,1,DIY,2025-06-24T08:49:36.237135Z,4048,8.085,"{""qID"": ""3JHB4BPSFMNRVHVKKM0UIMOWRR29QT-1"", ""sentence"": ""Dennis gave his hammer to Robert so he could hammer the nails. _ had plenty of hammers."", ""option1"": ""Dennis"", ""option2"": ""Robert"", ""answer"": ""1""}",2025-06-24T08:49:36.237155Z
240,1,,2025-06-24T08:49:39.322130Z,4049,2.641,"{""qID"": ""3DGDV62G7O7G1WAZF2UQGW20SY82PG-2"", ""sentence"": ""The party was more interesting and uplifing than the funeral because the _ was rigid."", ""option1"": ""party"", ""option2"": ""funeral"", ""answer"": ""2""}",2025-06-24T08:49:39.322151Z
241,1,,2025-06-24T08:49:43.667627Z,4050,3.919,"{""qID"": ""3VW0145YLYAAMPBUU78QY9UMP3VMJ1-2"", ""sentence"": ""The geese prefer to nest in the fields rather than the forests because in the _ predators are more hidden."", ""option1"": ""fields"", ""option2"": ""forests"", ""answer"": ""2""}",2025-06-24T08:49:43.667648Z
242,1,,2025-06-24T08:49:47.423361Z,4051,3.341,"{""qID"": ""3IWA71V4TKUOMVUY8TSASKTOZ3UX63-2"", ""sentence"": ""The plant took up too much room in the urn, because the _ was small."", ""option1"": ""plant"", ""option2"": ""urn"", ""answer"": ""2""}",2025-06-24T08:49:47.423381Z
243,1,,2025-06-24T08:49:58.850721Z,4052,11.01,"{""qID"": ""3M7OI89LVYMLP8KWXZKNM9K59J76CX-1"", ""sentence"": ""I installed a new bird house outside above the ground, but had to prop it up higher away from my cat since the _ was too low."", ""option1"": ""bird house"", ""option2"": ""ground"", ""answer"": ""1""}",2025-06-24T08:49:58.850767Z
244,1,,2025-06-24T08:50:05.850122Z,4053,6.54,"{""qID"": ""3INZSNUD80OICJS8V2IAQPTPKLFD95-2"", ""sentence"": ""I prefer spa to the pool and I find the cold water in the _  not relaxing at the end of the day."", ""option1"": ""spa"", ""option2"": ""pool"", ""answer"": ""2""}",2025-06-24T08:50:05.850144Z
245,1,,2025-06-24T08:50:58.451572Z,4054,52.159,"{""qID"": ""3B9J25CZ27R56VH0OAZQFC45F2ESCA-2"", ""sentence"": ""Megan said it would be liberating to go out without makeup like Elena does. _ never wore makeup when she left the house."", ""option1"": ""Megan"", ""option2"": ""Elena"", ""answer"": ""2""}",2025-06-24T08:50:58.451593Z
246,1,wealth,2025-06-24T08:51:19.122109Z,4055,20.241,"{""qID"": ""38G0E1M85OJHKHF44WPVK5AIL6SUV4-1"", ""sentence"": ""Donald was richer than Leslie was because companies had found oil on the property of _ ."", ""option1"": ""Donald"", ""option2"": ""Leslie"", ""answer"": ""1""}",2025-06-24T08:51:19.122131Z
247,1,ask,2025-06-24T08:51:37.052651Z,4056,17.413,"{""qID"": ""3THR0FZ95R7JB7JDU6BGYQKRCK0OLW-2"", ""sentence"": ""Feeling a draft, William asked Neil to please close the front door because _ was closer."", ""option1"": ""William"", ""option2"": ""Neil"", ""answer"": ""2""}",2025-06-24T08:51:37.052672Z
248,1,,2025-06-24T08:51:44.637499Z,4057,7.127,"{""qID"": ""3SV8KD29L4Q5WGGVRHYW7QQ8EEZZKB-2"", ""sentence"": ""Lindsey loved the taste of duck but Megan liked chicken better. _ ordered the kung pao chicken for dinner."", ""option1"": ""Lindsey"", ""option2"": ""Megan"", ""answer"": ""2""}",2025-06-24T08:51:44.637539Z
249,1,,2025-06-24T08:52:00.739627Z,4058,15.676,"{""qID"": ""3RSBJ6YZEE4XBF9H8V8I3DF7F0UFOM-2"", ""sentence"": ""Elena would grab their inventory in the back of the store for Megan to sell each time because _ was a loyal customer."", ""option1"": ""Elena"", ""option2"": ""Megan"", ""answer"": ""2""}",2025-06-24T08:52:00.739648Z
250,1,,2025-06-24T08:52:18.114146Z,4059,16.912,"{""qID"": ""3TCFMTM8HEMDK4RXU0J0F0K2KZI21L-2"", ""sentence"": ""Kenneth asked Dennis what time the dance was being held, but _ had forgotten."", ""option1"": ""Kenneth"", ""option2"": ""Dennis"", ""answer"": ""2""}",2025-06-24T08:52:18.114183Z
251,1,,2025-06-24T08:53:15.872733Z,4060,57.337,"{""qID"": ""3S4TINXCC217YYX13TMMKNON1TXBOG-1"", ""sentence"": ""Eric was teaching all of the proper stretches to Neil, because _ was using them to get paid."", ""option1"": ""Eric"", ""option2"": ""Neil"", ""answer"": ""1""}",2025-06-24T08:53:15.872754Z
252,1,wealth,2025-06-24T08:53:45.605795Z,4061,29.232,"{""qID"": ""36MUZ9VAE8GE14IWNBAWA1I8ZL8DE5-2"", ""sentence"": ""When buying a home, Patricia doesn't have as much money to spend as Tanya, so _ buys a 5 bedroom house."", ""option1"": ""Patricia"", ""option2"": ""Tanya"", ""answer"": ""2""}",2025-06-24T08:53:45.605815Z
277,1,"{""choices"":[""ask"",""family""]}",2025-06-24T09:10:11.427643Z,4064,15.704,"{""qID"": ""3P4C70TRMTVVJU2F6NY8THBPLKALGF-1"", ""sentence"": ""Emily asked her sister Sarah if she needed any tampons or pads from the store, even though _ didn't because she had switched to using menstrual cups."", ""option1"": ""Emily"", ""option2"": ""Sarah"", ""answer"": ""1""}",2025-06-24T09:10:11.427669Z
278,1,ask,2025-06-24T09:10:31.714576Z,4066,18.45,"{""qID"": ""3HJ1EVZS2OHQYRMXWUCK4177UA4R37-1"", ""sentence"": ""Rebecca picked up Amy to carpool to work every day, so _ asked for some gas money."", ""option1"": ""Rebecca"", ""option2"": ""Amy"", ""answer"": ""1""}",2025-06-24T09:10:31.714597Z
298,1,,2025-06-24T09:24:24.520678Z,4073,14.955,"{""qID"": ""3MDKGGG61QL2BPM7JLFDBJK9SLJ6TJ-2"", ""sentence"": ""Natalie thinks emeralds are beautiful gems but Betty does not. _ bought a necklace featuring a big diamond."", ""option1"": ""Natalie"", ""option2"": ""Betty"", ""answer"": ""2""}",2025-06-24T09:24:24.520700Z
279,1,ask,2025-06-24T09:10:55.309178Z,4097,22.21,"{""qID"": ""3QHITW7OYO7Q6B6ISU2UMJB89I2AQ2-1"", ""sentence"": ""Eric asked Michael on a date to go to the movies on Friday night because _ was very confident."", ""option1"": ""Eric"", ""option2"": ""Michael"", ""answer"": ""1""}",2025-06-24T09:10:55.309198Z
268,1,chores,2025-06-24T09:05:26.964721Z,4098,39.109,"{""qID"": ""3M4KL7H8KVL125AYH2V35D1E5OH167-2"", ""sentence"": ""Amy hated the smell of bleach, but still Kayla used it all the time to clean so _ tries to use it less."", ""option1"": ""Amy"", ""option2"": ""Kayla"", ""answer"": ""2""}",2025-06-24T09:05:26.964742Z
280,1,ask,2025-06-24T09:11:11.925606Z,4118,15.288,"{""qID"": ""3B6F54KMR2A6P38VOFY66IX6ND11SG-2"", ""sentence"": ""Brian had a large collection of coins that Kevin really admired, so _ asked him for some duplicates."", ""option1"": ""Brian"", ""option2"": ""Kevin"", ""answer"": ""2""}",2025-06-24T09:11:11.925645Z
269,1,chores,2025-06-24T09:05:52.616119Z,4126,11.772,"{""qID"": ""3LN3BXKGC29BUOEEA15A2SS5J15WGU-2"", ""sentence"": ""The woman sprayed cleaner on the mirror but skipped the countertop because the _ was clean."", ""option1"": ""mirror"", ""option2"": ""countertop"", ""answer"": ""2""}",2025-06-24T09:05:52.616140Z
380,1,family,2025-06-25T09:35:42.206111Z,4144,12.43,"{""qID"": ""3TFJJUELSHNX771VAX8KWW3TTFCC2V-1"", ""sentence"": ""My sister enjoyed writing on the blog more than in her journal, because the _ for everyone to see."", ""option1"": ""blog"", ""option2"": ""journal"", ""answer"": ""1""}",2025-06-25T09:35:42.206142Z
281,1,ask,2025-06-24T09:11:57.793495Z,4159,44.311,"{""qID"": ""3RKHNXPHGWUOAHMLLUZOQYBTHGGKUC-1"", ""sentence"": ""Felicia looked sad and disappointed after she asked Christine refused to be her girlfriend because _ liked her."", ""option1"": ""Felicia"", ""option2"": ""Christine"", ""answer"": ""1""}",2025-06-24T09:11:57.793532Z
366,1,family,2025-06-25T09:29:32.855682Z,4168,15.319,"{""qID"": ""3UUSLRKAUL1EY04FG5KQCT2JPT87D0-2"", ""sentence"": ""Joan's grandmother always wanted a hug and a kiss, but Joan preferred the _ because she was afraid of germs."", ""option1"": ""kiss"", ""option2"": ""hug"", ""answer"": ""2""}",2025-06-25T09:29:32.855702Z
270,1,"{""choices"":[""chores"",""failure""]}",2025-06-24T09:06:30.394240Z,4174,36.34,"{""qID"": ""3SU800BH86QALKKGYZJLMKN2B7IQUL-2"", ""sentence"": ""Because Carrie lost a bet to Cynthia over the basketball game, _ spent hours having the cleaning done for them."", ""option1"": ""Carrie"", ""option2"": ""Cynthia"", ""answer"": ""2""}",2025-06-24T09:06:30.394262Z
271,1,chores,2025-06-24T09:06:48.433522Z,4178,16.508,"{""qID"": ""3OID399FXG5RDTJLYOI20LF0NKKDF9-2"", ""sentence"": ""Monica wanted to use a vacuum to clean the floor, but Victoria wanted to use a broom. _ cleaned the floor much slower."", ""option1"": ""Monica"", ""option2"": ""Victoria"", ""answer"": ""2""}",2025-06-24T09:06:48.433559Z
282,1,ask,2025-06-24T09:12:12.978311Z,4185,13.214,"{""qID"": ""32PT7WK7DOTBR62ZYRT0RAEC9NDD3U-1"", ""sentence"": ""Neil asked Michael what it was like to go to war because _ was a pacifist."", ""option1"": ""Neil"", ""option2"": ""Michael"", ""answer"": ""1""}",2025-06-24T09:12:12.978333Z
272,1,chores,2025-06-24T09:07:10.257022Z,4207,15.63,"{""qID"": ""3V0TR1NRVA0JH6JKUXVHJGA3DQC4A6-2"", ""sentence"": ""Jen put her derma roller into the water, so that the cleaner could sterilize it with the _ ."", ""option1"": ""derma roller"", ""option2"": ""water"", ""answer"": ""2""}",2025-06-24T09:07:10.257044Z
288,1,hesitation,2025-06-24T09:15:30.405381Z,4208,22.68,"{""qID"": ""32LAQ1JNTB327PBFZ1PGJNMXOF2TU1-2"", ""sentence"": ""The case James used to carry the file still got more space in it. I wonder why he chose the _ that is small."", ""option1"": ""case"", ""option2"": ""file"", ""answer"": ""2""}",2025-06-24T09:15:30.405401Z
273,1,,2025-06-24T09:08:03.007317Z,4211,31.825,"{""qID"": ""3XABXM4AJ3JRHCCAFUUGIQTM9XA8QL-2"", ""sentence"": ""Donald didn't like to keep clean the way Matthew did, so _ tended to smell nice."", ""option1"": ""Donald"", ""option2"": ""Matthew"", ""answer"": ""2""}",2025-06-24T09:08:03.007338Z
274,1,,2025-06-24T09:08:31.115219Z,4223,26.773,"{""qID"": ""3D0LPO3EABXOHHR5TNO600YFX6WOYN-1"", ""sentence"": ""He preferred to clean with the soap instead of the body wash, because the _ left him feeling itchy."", ""option1"": ""body wash"", ""option2"": ""soap"", ""answer"": ""1""}",2025-06-24T09:08:31.115244Z
283,1,ask,2025-06-24T09:12:45.810680Z,4235,31.228,"{""qID"": ""3WRKFXQBOB5ELVG2VSB1G32TGHMIYA-2"", ""sentence"": ""Have you ever been on  a nature walk Samantha asked Tanya , _ is giving a reply to a question."", ""option1"": ""Samantha"", ""option2"": ""Tanya"", ""answer"": ""2""}",2025-06-24T09:12:45.810756Z
367,1,family,2025-06-25T09:29:43.607808Z,4240,9.127,"{""qID"": ""31S7M7DAGI4ZOZOLQNXFS0QEB4XTLR-1"", ""sentence"": ""Adam adored his grandmother, William.  _ decided he would surprise her with a trip to Europe."", ""option1"": ""Adam"", ""option2"": ""William"", ""answer"": ""1""}",2025-06-25T09:29:43.607828Z
284,1,ask,2025-06-24T09:13:19.088686Z,4244,30.775,"{""qID"": ""3D0LPO3EADD3B6QCDL06SYMOM5COYB-2"", ""sentence"": ""Tina asked guests to take off their shoes when entering the house because she had a new carpet. She said the _ couldn't get dirty."", ""option1"": ""shoes"", ""option2"": ""carpet"", ""answer"": ""2""}",2025-06-24T09:13:19.088767Z
285,1,ask,2025-06-24T09:13:50.411556Z,4254,29.773,"{""qID"": ""3PUOXASB59H099WB7IJ79F00WSRZ9D-2"", ""sentence"": ""Jeffrey asked Joel to express their feelings in a more productive manner, but _ was actually the one being reasonable."", ""option1"": ""Jeffrey"", ""option2"": ""Joel"", ""answer"": ""2""}",2025-06-24T09:13:50.411577Z
308,1,,2025-06-25T08:45:45.591622Z,4256,22.874,"{""qID"": ""3AQN9REUTFEXDK0G3EAQP6MGTS8DYY-1"", ""sentence"": ""The football was flying higher than the basketball as it went through the air. The _ was lighter."", ""option1"": ""football"", ""option2"": ""basketball"", ""answer"": ""1""}",2025-06-25T08:45:45.591685Z
309,1,ask,2025-06-25T08:46:46.446478Z,4267,58.61,"{""qID"": ""3XD2A6FGFP838XAXCQPZDM3X9DR9SI-2"", ""sentence"": ""Megan received flowers from Carrie because _ wanted to ask them out on a date."", ""option1"": ""Megan"", ""option2"": ""Carrie"", ""answer"": ""2""}",2025-06-25T08:46:46.446503Z
253,1,chores,2025-06-24T08:54:31.949046Z,4268,24.821,"{""qID"": ""35U0MRQMUJ57DNW0OC1MT1ULA7DOVS-2"", ""sentence"": ""Emptying the litter box was a dreaded chore for Adam while Lawrence didn't mind doing it. _ never tried to get someone else to handle it."", ""option1"": ""Adam"", ""option2"": ""Lawrence"", ""answer"": ""2""}",2025-06-24T08:54:31.949066Z
310,1,ask,2025-06-25T08:47:28.191253Z,4305,16.797,"{""qID"": ""3ZXNP4Z39RJXWCS7TMIEV6AOTL97LC-2"", ""sentence"": ""Michael discovered Craig was a respected doctor so _ was asked many health related questions."", ""option1"": ""Michael"", ""option2"": ""Craig"", ""answer"": ""2""}",2025-06-25T08:47:28.191280Z
426,1,,2025-06-25T09:55:38.346318Z,4307,20.787,"{""qID"": ""3CIS7GGG67X0I6TI960LK1MWLVOUE1-2"", ""sentence"": ""Ryan ran over Ian's guinea pig with his car, causing _ to feel a great deal of pain."", ""option1"": ""Ryan"", ""option2"": ""Ian"", ""answer"": ""2""}",2025-06-25T09:55:44.033325Z
368,1,family,2025-06-25T09:30:05.765492Z,4315,20.78,"{""qID"": ""3PN6H8C9R64BBR1K768AEISIFNKDAL-2"", ""sentence"": ""The mother always consulted a book for her pregnancy because the _ was very  informative."", ""option1"": ""pregnancy"", ""option2"": ""book"", ""answer"": ""2""}",2025-06-25T09:30:05.765513Z
311,1,"{""choices"":[""ask"",""wealth""]}",2025-06-25T08:47:52.215249Z,4321,27.019000000000002,"{""qID"": ""37VE3DA4YUFICSC7FIFW8G3D0EBBHO-2"", ""sentence"": ""Ian asked Kevin to help with their taxes because _ was a successful, trained accountant."", ""option1"": ""Ian"", ""option2"": ""Kevin"", ""answer"": ""2""}",2025-06-25T08:49:07.955022Z
275,1,,2025-06-24T09:09:05.357343Z,4328,22.791,"{""qID"": ""334ZEL5JX8T6FKE3EF8HACYN590OSV-2"", ""sentence"": ""The dog's hair had to be removed after it got stuck in the mud because the _ was clean."", ""option1"": ""mud"", ""option2"": ""hair"", ""answer"": ""2""}",2025-06-24T09:09:05.357378Z
276,1,chores,2025-06-24T09:09:19.734331Z,4342,12.919,"{""qID"": ""3TKXBROM5VO3KVKATQMYYEBDWK1IJU-2"", ""sentence"": ""Patricia always had to clean up after Angela, because _ didn't care about living in filth."", ""option1"": ""Patricia"", ""option2"": ""Angela"", ""answer"": ""2""}",2025-06-24T09:09:19.734352Z
312,1,ask,2025-06-25T08:48:14.761064Z,4343,19.492,"{""qID"": ""3M93N4X8HM1SE9N6Y2GC2GH17WPJS5-1"", ""sentence"": ""Michael asked Brett for help moving a desk. _ wouldn't have been able to do it alone."", ""option1"": ""Michael"", ""option2"": ""Brett"", ""answer"": ""1""}",2025-06-25T08:48:14.761096Z
427,1,sickness,2025-06-25T09:56:17.146515Z,4358,7.07,"{""qID"": ""3Q9SPIIRWL0AKX1BO1D066H3M5SWAJ-2"", ""sentence"": ""The scar needed medical care to heal, while the cut healed naturally, because the _ was a minor wound."", ""option1"": ""cut"", ""option2"": ""scar"", ""answer"": ""2""}",2025-06-25T09:56:17.146535Z
313,1,ask,2025-06-25T08:48:35.873825Z,4369,18.547,"{""qID"": ""31KPKEKW4CRMVH5I18KBUMS53QI0BG-1"", ""sentence"": ""Christopher tried a new recipe and asked Kenneth how  liked it. _ hoped it tasted good."", ""option1"": ""Christopher"", ""option2"": ""Kenneth"", ""answer"": ""1""}",2025-06-25T08:48:35.873870Z
369,1,family,2025-06-25T09:30:29.063308Z,4372,21.969,"{""qID"": ""3CMV9YRYP5F5AWSGETJBQU35DCRJLH-2"", ""sentence"": ""When Matthew stepped in dog poop wearing his new shoes, Dennis laughed, so mother gave _ an angry look."", ""option1"": ""Matthew"", ""option2"": ""Dennis"", ""answer"": ""2""}",2025-06-25T09:30:29.063328Z
355,1,family,2025-06-25T09:25:18.650636Z,4373,15.708,"{""qID"": ""37SOB9Z0SSVFVTRKRAFOIPY8T27L3C-1"", ""sentence"": ""While the thrifty family was at the grocery store, they bought soap instead of shampoo because the _ was needed."", ""option1"": ""soap"", ""option2"": ""shampoo"", ""answer"": ""1""}",2025-06-25T09:25:18.650657Z
314,1,"{""choices"":[""ask"",""wealth""]}",2025-06-25T08:49:17.139731Z,4379,19.379,"{""qID"": ""39N6W9XWRDL0P4A754BYVRPD6NGGY9-1"", ""sentence"": ""When Robert was asked by Christopher what he wanted for his birthday, he said money. _ wanted to choose his own gift."", ""option1"": ""Robert"", ""option2"": ""Christopher"", ""answer"": ""1""}",2025-06-25T08:49:17.139756Z
315,1,ask,2025-06-25T08:49:44.947206Z,4410,21.44,"{""qID"": ""3IKMEYR0LY9UKUCQM81ICD49MF02K2-1"", ""sentence"": ""The tailor called Megan to say her coat was finished, so she asked her assistant Patricia to get it. _ gave her the car to drive to the tailor shop."", ""option1"": ""Megan"", ""option2"": ""Patricia"", ""answer"": ""1""}",2025-06-25T08:49:44.947249Z
377,1,family,2025-06-25T09:34:42.351637Z,4423,45.815,"{""qID"": ""3SZYX62S5GYJUNPM1Z27EHERCDW57E-1"", ""sentence"": ""I wanted to showcase my music skills by playing the violin while my brother played the piano. Unfortunately, no one heard me because the _ was too loud."", ""option1"": ""piano"", ""option2"": ""violin"", ""answer"": ""1""}",2025-06-25T09:34:42.351727Z
316,1,ask,2025-06-25T08:50:33.422533Z,4429,46.698,"{""qID"": ""3P888QFVX3SF8F0J2D7CNEVDTG5OQ7-1"", ""sentence"": ""Megan asked Samantha if she wanted to get married right away, because _ was in love.."", ""option1"": ""Megan"", ""option2"": ""Samantha"", ""answer"": ""1""}",2025-06-25T08:50:33.422568Z
401,1,sickness,2025-06-25T09:48:06.454848Z,4462,15.526,"{""qID"": ""3JU8CV4BRNQ92SYBMY4NF7TBHS6OPV-1"", ""sentence"": ""Craig caught the common cold and stayed away from Dennis, because _ didn't want them getting sick."", ""option1"": ""Craig"", ""option2"": ""Dennis"", ""answer"": ""1""}",2025-06-25T09:48:06.454867Z
378,1,family,2025-06-25T09:35:09.174309Z,4463,22.521,"{""qID"": ""3P520RYKCJK0MN0PY57IG7GK9BGU5C-2"", ""sentence"": ""John liked the gift that Susan gave him more than the present from his brother because the _ was very ugly."", ""option1"": ""gift"", ""option2"": ""present"", ""answer"": ""2""}",2025-06-25T09:35:09.174343Z
301,1,"{""choices"":[""friendship"",""sickness""]}",2025-06-24T09:28:19.445192Z,4466,32.783,"{""qID"": ""3T2HW4QDUXLN1GL1F4ZZYHZFNC19CO-1"", ""sentence"": ""Hunter was visited by Neil because _ was very sick and needed a friend to bring him medicine and chicken soup."", ""option1"": ""Hunter"", ""option2"": ""Neil"", ""answer"": ""1""}",2025-06-24T09:28:19.445217Z
317,1,"{""choices"":[""ask"",""chores""]}",2025-06-25T08:51:02.600618Z,4484,25.142,"{""qID"": ""3G9UA71JVX86VB3EAZI17PL4ISN7JX-1"", ""sentence"": ""The oil spilled on Nick 's shirt while he cooked for Justin, so _ asked him for a clean shirt."", ""option1"": ""Nick"", ""option2"": ""Justin"", ""answer"": ""1""}",2025-06-25T08:51:02.600673Z
318,1,"{""choices"":[""ask"",""hesitation""]}",2025-06-25T08:51:29.946379Z,4488,23.967,"{""qID"": ""3EKTG13IZU1GHFZUXSK3EO7EOE0LM5-2"", ""sentence"": ""Rebecca had to ask Elena if they needed to cheat, because _ had not studied the night before."", ""option1"": ""Rebecca"", ""option2"": ""Elena"", ""answer"": ""2""}",2025-06-25T08:51:29.946399Z
319,1,"{""choices"":[""ask"",""sickness""]}",2025-06-25T08:52:19.545868Z,4519,40.427,"{""qID"": ""3QE4DGPGBTPZLMVU0VZR709EZE34GP-1"", ""sentence"": ""Tanya asked Angela which type of yarn would be best for crocheting a scarf, because _ was a novice."", ""option1"": ""Tanya"", ""option2"": ""Angela"", ""answer"": ""1""}",2025-06-25T08:53:17.451308Z
370,1,"{""choices"":[""family"",""chores""]}",2025-06-25T09:30:59.493088Z,4536,29.148,"{""qID"": ""3FULMHZ7OUVKJ7S9R0LMS75373E4MV-1"", ""sentence"": ""The mother wanted to serve the food at the dinner but the _ was too cold."", ""option1"": ""food"", ""option2"": ""dinner"", ""answer"": ""1""}",2025-06-25T09:30:59.493108Z
302,1,"{""choices"":[""friendship"",""family"",""sickness""]}",2025-06-24T09:30:21.645037Z,4538,120.544,"{""qID"": ""3XUSYT70IVFFAE32F4BHPCG57IT0D1-2"", ""sentence"": ""The condition that my friend had was less severe than his moms disease, because the _ was terminal."", ""option1"": ""condition"", ""option2"": ""disease"", ""answer"": ""2""}",2025-06-24T09:30:21.645062Z
402,1,sickness,2025-06-25T09:48:25.833008Z,4545,17.558,"{""qID"": ""3WGZLY9VCHKIYE9YQACWQTYE0G88DO-1"", ""sentence"": ""Joseph told Lawrence that he has had the flu for the past 2 weeks.  _ felt sick."", ""option1"": ""Joseph"", ""option2"": ""Lawrence"", ""answer"": ""1""}",2025-06-25T09:48:25.833044Z
254,1,"{""choices"":[""ask"",""chores""]}",2025-06-24T08:55:14.001032Z,4563,20.299,"{""qID"": ""3LB1BGHFL2U4U9WDP4A5UA42RWWTYS-2"", ""sentence"": ""Aaron asked Steven to help out with some chores around the house, but _ was whiny."", ""option1"": ""Aaron"", ""option2"": ""Steven"", ""answer"": ""2""}",2025-06-24T08:55:14.001055Z
303,1,friendship,2025-06-24T09:31:06.184550Z,4566,42.89,"{""qID"": ""3IVKZBIBJ2NWN3SGA2DRQ31MT28SHR-2"", ""sentence"": ""My friend wants to see the new romance movie but I want to see the action movie because the _ has bad reviews."", ""option1"": ""action movie"", ""option2"": ""romance movie"", ""answer"": ""2""}",2025-06-24T09:31:06.184572Z
430,1,ask,2025-06-25T14:31:54.876711Z,4598,253.073,"{""qID"": ""3APP19WN73SD09Z8JJS64YTSV1PG6U-1"", ""sentence"": ""Although Joseph was a better English teacher than Hunter _ always questioned when to use a comma."", ""option1"": ""Joseph"", ""option2"": ""Hunter"", ""answer"": ""1""}",2025-06-25T14:35:47.655190Z
320,1,"{""choices"":[""ask"",""sickness""]}",2025-06-25T08:53:29.504683Z,4613,27.133,"{""qID"": ""3VZYA8PITOW5CCP2G0HYZ244ZI150M-1"", ""sentence"": ""Lindsey asked Amy to go on a trip to Los Angeles with her because _ is disabled."", ""option1"": ""Lindsey"", ""option2"": ""Amy"", ""answer"": ""1""}",2025-06-25T08:53:29.504719Z
321,1,"{""choices"":[""ask"",""family"",""DIY""]}",2025-06-25T08:56:41.863667Z,4650,179.921,"{""qID"": ""37OPIVELUWHSN76MT2R0537F6IFAHW-1"", ""sentence"": ""I was able to carry the paint roller but I asked my husband to fetch the bucket because the _ was light."", ""option1"": ""paint roller"", ""option2"": ""bucket"", ""answer"": ""1""}",2025-06-25T08:56:41.863690Z
322,1,"{""choices"":[""ask"",""DIY""]}",2025-06-25T08:57:06.364571Z,4663,22.979,"{""qID"": ""3VIVIU06FKAEREROCPNQM8FM799MIT-1"", ""sentence"": ""Aaron asked Ian to help replace the bathroom tile because _ wanted help with it."", ""option1"": ""Aaron"", ""option2"": ""Ian"", ""answer"": ""1""}",2025-06-25T08:57:06.364606Z
323,1,ask,2025-06-25T08:57:20.014386Z,4678,12.132,"{""qID"": ""39AYGO6AFFI4GCHNMPT12KEH8P96N7-2"", ""sentence"": ""Joseph asked Craig what to do with their dog, because _ knew that they could be professional about it."", ""option1"": ""Joseph"", ""option2"": ""Craig"", ""answer"": ""2""}",2025-06-25T08:57:20.014405Z
324,1,ask,2025-06-25T08:57:34.979371Z,4696,13.423,"{""qID"": ""3OKP4QVBP2VZTMC4PYXIS576YGPAG4-2"", ""sentence"": ""Rebecca was excited that Elena was coming over because _ had been asking to see their new house for weeks."", ""option1"": ""Rebecca"", ""option2"": ""Elena"", ""answer"": ""2""}",2025-06-25T08:57:34.979407Z
325,1,ask,2025-06-25T08:58:01.858620Z,4728,25.162,"{""qID"": ""3V8JSVE8YYO25QEGZ9LAVO41OP9EYT-2"", ""sentence"": ""Betty turned in their report on time on Friday, while Mary asked for a two day extension, so _ spent the weekend writing."", ""option1"": ""Betty"", ""option2"": ""Mary"", ""answer"": ""2""}",2025-06-25T08:58:01.858656Z
356,1,"{""choices"":[""friendship"",""family""]}",2025-06-25T09:25:30.500902Z,4758,10.611,"{""qID"": ""3CRWSLD91K2ON02RAK0V65B8JG7OML-1"", ""sentence"": ""Randy but not Kevin needed a larger wedding venue because _ had lots of friends and family."", ""option1"": ""Randy"", ""option2"": ""Kevin"", ""answer"": ""1""}",2025-06-25T09:25:30.500922Z
381,1,family,2025-06-25T09:35:53.322183Z,4803,9.971,"{""qID"": ""3X0EMNLXER34SC78NAQ1AZNKET6VPQ-2"", ""sentence"": ""My sister liked to stay in the hotel instead of the house when she visited us because the _ was more crowded."", ""option1"": ""hotel"", ""option2"": ""house"", ""answer"": ""2""}",2025-06-25T09:35:53.322203Z
326,1,"{""choices"":[""ask"",""chores""]}",2025-06-25T08:59:04.272168Z,4816,49.044,"{""qID"": ""3M47JKRKCZFY7UTQ0LGICLCU76968D-2"", ""sentence"": ""Maria asked Megan if she would help clean the garage but _ did not care if work got done around the house."", ""option1"": ""Maria"", ""option2"": ""Megan"", ""answer"": ""2""}",2025-06-25T08:59:04.272192Z
327,1,ask,2025-06-25T08:59:24.149724Z,4831,17.569,"{""qID"": ""3G5RUKN2EEH6SKIS4U8DESTRMI39NY-2"", ""sentence"": ""Rachel was interested in learning about herbal treatments and asked Betty to share her knowledge. _ was anxious to help."", ""option1"": ""Rachel"", ""option2"": ""Betty"", ""answer"": ""2""}",2025-06-25T08:59:24.149747Z
328,1,ask,2025-06-25T08:59:55.041986Z,4839,25.74,"{""qID"": ""3URJ6VVYUR1NDZCSOECZC9IGQ084OQ-1"", ""sentence"": ""Joel wants to start beekeeping but asks Eric if he wants to join him, because _ would feel lonely."", ""option1"": ""Joel"", ""option2"": ""Eric"", ""answer"": ""1""}",2025-06-25T08:59:55.042022Z
403,1,sickness,2025-06-25T09:48:42.352359Z,4840,15.125,"{""qID"": ""33N1S8XHHOZIK4TG354EU9IHYG3Z14-1"", ""sentence"": ""Sarah was more sick in the morning than Emily because _ was several weeks pregnant."", ""option1"": ""Sarah"", ""option2"": ""Emily"", ""answer"": ""1""}",2025-06-25T09:48:42.352385Z
461,1,ask,2025-06-25T15:04:11.837503Z,4870,12.201,"{""qID"": ""38Z7YZ2SB305CTPG4IU73HZRMSRQIA-1"", ""sentence"": ""I asked Patricia to buy the present but didn't ask Jessica, I think _ has a good taste."", ""option1"": ""Patricia"", ""option2"": ""Jessica"", ""answer"": ""1""}",2025-06-25T15:04:11.837533Z
462,1,ask,2025-06-25T15:04:19.732850Z,4871,6.336,"{""qID"": ""3HEM8MA6H9AXTFCKHDKRCE033PYPQU-1"", ""sentence"": ""The manager asked Jennifer but not Emily to write the daily specials because _ had good handwriting."", ""option1"": ""Jennifer"", ""option2"": ""Emily"", ""answer"": ""1""}",2025-06-25T15:04:19.732872Z
463,1,ask,2025-06-25T15:04:32.667548Z,4878,11.292,"{""qID"": ""3NOEP8XAU40H2CDW3RFJ6MWW0MWXPY-1"", ""sentence"": ""Eric asked Ryan to accept their job application, as _ had shown a strong interest in it in the past."", ""option1"": ""Eric"", ""option2"": ""Ryan"", ""answer"": ""1""}",2025-06-25T15:04:32.667568Z
464,1,ask,2025-06-25T15:04:55.436199Z,4882,21.211,"{""qID"": ""3IV1AEQ4DRBV109Q06Y7TRTR50UJ82-2"", ""sentence"": ""At art class in school, Craig asked William for glue because the glue _ had was full."", ""option1"": ""Craig"", ""option2"": ""William"", ""answer"": ""2""}",2025-06-25T15:04:55.436220Z
465,1,ask,2025-06-25T15:06:02.309815Z,4885,65.145,"{""qID"": ""3U74KRR67OZPCZR620DU5SU3GNHTNP-1"", ""sentence"": ""Lindsey asks for Megan's advice on how to politely say no to a man who asked her out, because _ doesn't want to hurt his feelings."", ""option1"": ""Lindsey"", ""option2"": ""Megan"", ""answer"": ""1""}",2025-06-25T15:06:02.309852Z
466,1,ask,2025-06-25T15:06:29.051212Z,4891,25.089,"{""qID"": ""37NXA7GVSVKE1RSAVIXUTIEZ8DXLVV-1"", ""sentence"": ""Natalie asked Elena to place the book on the top shelf since _ was too short to reach."", ""option1"": ""Natalie"", ""option2"": ""Elena"", ""answer"": ""1""}",2025-06-25T15:06:29.051233Z
456,1,ask,2025-06-25T15:00:23.471999Z,4961,15.508,"{""qID"": ""3S4TINXCC217YYX13TMMKNOM0COBO6-1"", ""sentence"": ""Michael asked Jeffrey if the company had ever been accused of discrimination because _ wanted to know."", ""option1"": ""Michael"", ""option2"": ""Jeffrey"", ""answer"": ""1""}",2025-06-25T15:00:23.472022Z
357,1,"{""choices"":[""family"",""wealth""]}",2025-06-25T09:25:47.266065Z,4970,15.415,"{""qID"": ""3D5G8J4N5A2NQF18KTNLNB08E0YTVY-2"", ""sentence"": ""Michael had such a simple life compared to Steven because _ came from a poor family."", ""option1"": ""Michael"", ""option2"": ""Steven"", ""answer"": ""2""}",2025-06-25T09:25:47.266090Z
467,1,ask,2025-06-25T15:06:39.394592Z,4972,8.103,"{""qID"": ""375VSR8FVW7RJKTQH17T82CMEQPRZ1-1"", ""sentence"": ""Adam politely asked Ryan to reach the book on the top shelf, because _ was very short."", ""option1"": ""Adam"", ""option2"": ""Ryan"", ""answer"": ""1""}",2025-06-25T15:06:39.394631Z
404,1,sickness,2025-06-25T09:49:00.068698Z,4991,16.426,"{""qID"": ""3KI0JD2ZU3WU7GO7QGOCYLGZWY667H-2"", ""sentence"": ""Since Craig's dog was sick and in need of a veterinarian while Kevin's was healthy and energetic, _ took their dog to the park."", ""option1"": ""Craig"", ""option2"": ""Kevin"", ""answer"": ""2""}",2025-06-25T09:49:00.068746Z
405,1,"{""choices"":[""friendship"",""sickness""]}",2025-06-25T09:49:20.451094Z,4992,19.04,"{""qID"": ""3HYV4299H2A2K9M563ZGO947OKY8EX-2"", ""sentence"": ""Carrie regretted Samantha visiting her while she was sick at home as _ now had the same fever and a runny nose just like her friend."", ""option1"": ""Carrie"", ""option2"": ""Samantha"", ""answer"": ""2""}",2025-06-25T09:49:20.451116Z
431,1,"{""choices"":[""ask"",""sickness""]}",2025-06-25T14:36:01.048790Z,5004,25.616,"{""qID"": ""3BFF0DJK8ZQMSCJBAWUG4M493OESTT-1"", ""sentence"": ""Brett was told by Dennis that they had anemia so _ spent time asking questions to the other about supplements."", ""option1"": ""Brett"", ""option2"": ""Dennis"", ""answer"": ""1""}",2025-06-25T14:36:01.048838Z
468,1,ask,2025-06-25T15:07:40.851062Z,5013,59.586,"{""qID"": ""3WYZV0QBFLRUS7BT4K9I30FGE6YXBM-2"", ""sentence"": ""Laura asked Elena to help choose their new curtains because _  was an interior designer."", ""option1"": ""Laura"", ""option2"": ""Elena"", ""answer"": ""2""}",2025-06-25T15:07:40.851105Z
304,1,friendship,2025-06-24T09:31:20.059377Z,5025,11.557,"{""qID"": ""3PKVGQTFIJY68JIS5DHAMTRSWNZYRK-1"", ""sentence"": ""The woman decided to order the steak instead of the pasta because her friend has recommended the _ ."", ""option1"": ""steak"", ""option2"": ""pasta"", ""answer"": ""1""}",2025-06-24T09:31:20.059398Z
432,1,,2025-06-25T14:36:29.038679Z,5073,20.488,"{""qID"": ""3P6ENY9P7BA7TPPK5QJDM1VYJWHHIG-2"", ""sentence"": ""Angela is preparing Mary for tricky interview questions, because _ could use some help."", ""option1"": ""Angela"", ""option2"": ""Mary"", ""answer"": ""2""}",2025-06-25T14:36:29.038709Z
371,1,"{""choices"":[""family"",""chores""]}",2025-06-25T09:32:18.390634Z,5074,77.328,"{""qID"": ""3AQN9REUTHUC79ZNNCMQH4APJPMDYH-2"", ""sentence"": ""My mother made tacos today and burritos yesterday for lunch so the _ were older."", ""option1"": ""tacos"", ""option2"": ""burritos"", ""answer"": ""2""}",2025-06-25T09:32:18.390654Z
289,1,"{""choices"":[""hesitation"",""family"",""chores""]}",2025-06-24T09:16:17.272097Z,5084,44.833,"{""qID"": ""35F6NGNVMAX09EZJMTW59V8DG09T7V-2"", ""sentence"": ""I smelled the cookies and wondered if mom was making oatmeal or chocolate chip.  I smelled melted chocolate so I ran down to get the _ cookies."", ""option1"": ""oatmeal"", ""option2"": ""chocolate chip"", ""answer"": ""2""}",2025-06-24T09:16:17.272119Z
305,1,friendship,2025-06-24T09:31:52.489040Z,5088,31.133,"{""qID"": ""366FYU4PTGN7LLPZVUKJMGPQVPHEKE-1"", ""sentence"": ""The job was found when a friend gave him a phone and a bus pass. The _ was older."", ""option1"": ""phone"", ""option2"": ""pass"", ""answer"": ""1""}",2025-06-24T09:31:52.489076Z
469,1,ask,2025-06-25T15:07:49.868069Z,5121,7.414,"{""qID"": ""3GKAWYFRAR7IYV7MWPQ74DHCDIXDPT-1"", ""sentence"": ""Betty asked Jessica when the roses would bloom, because _ had little knowledge about flowers."", ""option1"": ""Betty"", ""option2"": ""Jessica"", ""answer"": ""1""}",2025-06-25T15:07:49.868113Z
358,1,family,2025-06-25T09:26:11.800299Z,5146,23.259,"{""qID"": ""3DQYSJDTYNPSZANDEBB848L1GUFXE7-2"", ""sentence"": ""The brush Laura gave to Jessica was a family heirloom, so _ put it in a shadow box."", ""option1"": ""Laura"", ""option2"": ""Jessica"", ""answer"": ""2""}",2025-06-25T09:26:11.800326Z
379,1,family,2025-06-25T09:35:21.321109Z,5186,10.586,"{""qID"": ""3L2OEKSTWBO0QE3W64BAVCWO74EY8W-1"", ""sentence"": ""When he was a toddler, my brother always picked the oranges out of fruit salad an only ate the strawberries since the _ were sour."", ""option1"": ""oranges"", ""option2"": ""strawberries"", ""answer"": ""1""}",2025-06-25T09:35:21.321131Z
470,1,"{""choices"":[""ask"",""sickness""]}",2025-06-25T15:08:07.253609Z,5188,15.336,"{""qID"": ""3XJOUITW8W5AFW4YIS5B9MP8LAKQTD-1"", ""sentence"": ""Mary wanted to ease Rachel's pain, so _ asked to apply some pain medication to the area."", ""option1"": ""Mary"", ""option2"": ""Rachel"", ""answer"": ""1""}",2025-06-25T15:08:07.253805Z
382,1,hesitation,2025-06-25T09:38:05.146133Z,5192,18.762,"{""qID"": ""3NSM4HLQNT8XNGC61OBG4HEL1EYQQY-1"", ""sentence"": ""I couldn't decide if I wanted to drink cognac tonight, but when my choices were between cognac and beer, I stayed class and picked _ ."", ""option1"": ""cognac"", ""option2"": ""beer"", ""answer"": ""1""}",2025-06-25T09:38:05.146154Z
406,1,"{""choices"":[""family"",""sickness""]}",2025-06-25T09:49:55.312547Z,5194,33.503,"{""qID"": ""307L9TDWJ06KDITCNL73NFQ6OWQN38-1"", ""sentence"": ""I sent a sick relative a card and a plant but he's allergic to the plant so the _ was thrown away."", ""option1"": ""plant"", ""option2"": ""card"", ""answer"": ""1""}",2025-06-25T09:49:55.312584Z
471,1,"{""choices"":[""ask"",""wealth""]}",2025-06-25T15:08:22.234301Z,5262,12.641,"{""qID"": ""3NSCTNUR2ZL1DPNK82ERO8GHDIKA5M-1"", ""sentence"": ""Scott saw his company's profit sheet and asked for a raise. It was denied because the _ was too big."", ""option1"": ""raise"", ""option2"": ""profit"", ""answer"": ""1""}",2025-06-25T15:08:22.234332Z
255,1,chores,2025-06-24T08:55:42.799913Z,5276,27.264,"{""qID"": ""3W5PY7V3UP5AG608DAW1S4HTT01YJ0-2"", ""sentence"": ""Lawrence knew how to mix soap and water better than Jeffrey because _ had a lot of chores that involved walking the dog."", ""option1"": ""Lawrence"", ""option2"": ""Jeffrey"", ""answer"": ""2""}",2025-06-24T08:55:42.799950Z
306,1,friendship,2025-06-24T09:32:14.593966Z,5285,20.759,"{""qID"": ""32PT7WK7DMDWXH3SETH0ZCQ3FDKD32-1"", ""sentence"": ""Erin was intuitive and compassionate, while Jessica was egotistical and selfish. _ was an excellent friend to have."", ""option1"": ""Erin"", ""option2"": ""Jessica"", ""answer"": ""1""}",2025-06-24T09:32:14.593991Z
307,1,,2025-06-24T09:33:10.648819Z,5289,54.625,"{""qID"": ""3I7KR83SNABQQPYINJ4XU2OFZ90K92-1"", ""sentence"": ""Neil was looking for a soulmate and Dennis was looking for a friend. _ fell in love with a friend that day."", ""option1"": ""Neil"", ""option2"": ""Dennis"", ""answer"": ""1""}",2025-06-24T09:33:10.648840Z
290,1,,2025-06-24T09:16:36.504138Z,5323,17.67,"{""qID"": ""3RHLQY6EDT2HFDMWE7MJ9HI9YTHD4P-2"", ""sentence"": ""Cynthia thought that the scenario was wonderful unlike Felicia, because _ believed that it was fake."", ""option1"": ""Cynthia"", ""option2"": ""Felicia"", ""answer"": ""2""}",2025-06-24T09:16:36.504177Z
472,1,ask,2025-06-25T15:08:56.287005Z,5333,32.393,"{""qID"": ""32CXT5U14G14FGKKC52L0T22H1X8UT-2"", ""sentence"": ""Christine was having trouble opening their computer downloads and asked Rebecca for help because _ worked with computers a lot."", ""option1"": ""Christine"", ""option2"": ""Rebecca"", ""answer"": ""2""}",2025-06-25T15:08:56.287035Z
473,1,ask,2025-06-25T15:09:02.830911Z,5367,4.593,"{""qID"": ""3XEIP58NL21VABXKWFMXEORVWQ5LZ1-1"", ""sentence"": ""Cynthia asked Megan how to grow lettuce and a variety of other vegetables as _ was an inexperienced gardener."", ""option1"": ""Cynthia"", ""option2"": ""Megan"", ""answer"": ""1""}",2025-06-25T15:09:02.830938Z
474,1,ask,2025-06-25T15:09:25.132911Z,5422,20.714,"{""qID"": ""3BFNCI9LYKOGG82INGEEZKG7YJQ37B-1"", ""sentence"": ""Tanya asked Monica to babysit for a few hours as _ had a date that night.."", ""option1"": ""Tanya"", ""option2"": ""Monica"", ""answer"": ""1""}",2025-06-25T15:09:25.132963Z
383,1,ask,2025-06-25T09:38:37.055219Z,5429,22.237,"{""qID"": ""3PKVGQTFIHIREUJLLF5AUV3K3C6RYM-2"", ""sentence"": ""Emily asked Cynthia if they needed a moment to themselves, but _ was not feeling anxious."", ""option1"": ""Emily"", ""option2"": ""Cynthia"", ""answer"": ""2""}",2025-06-25T09:38:37.055242Z
372,1,family,2025-06-25T09:32:37.954148Z,5441,10.324,"{""qID"": ""37PGLWGSJVKYVFQSBBMAZTBQBDLIKL-1"", ""sentence"": ""Rebecca had a better relationship with her father than Betty because _ still lived with him."", ""option1"": ""Rebecca"", ""option2"": ""Betty"", ""answer"": ""1""}",2025-06-25T09:32:37.954171Z
373,1,"{""choices"":[""family"",""sickness""]}",2025-06-25T09:32:54.576114Z,5486,15.125,"{""qID"": ""3VP28W7DUNIUGUOHQ67ZRDY3BX9ZFZ-2"", ""sentence"": ""My grandfather had a disease that was less severe than his wife's cancer because the _ was terminal."", ""option1"": ""disease"", ""option2"": ""cancer"", ""answer"": ""2""}",2025-06-25T09:32:54.576134Z
475,1,ask,2025-06-25T15:09:43.190417Z,5494,16.431,"{""qID"": ""3UL5XDRDNCHNU1U5B4UDSHAMIIE85H-2"", ""sentence"": ""Justin played in emo band Texas is the Reason, of which Dennis was a big fan, so _ asked him for an autograph."", ""option1"": ""Justin"", ""option2"": ""Dennis"", ""answer"": ""2""}",2025-06-25T15:09:43.190450Z
407,1,sickness,2025-06-25T09:50:37.160174Z,5535,40.582,"{""qID"": ""3GKAWYFRAPR3468FCRE7CFT4K85PDH-2"", ""sentence"": ""In the underground, Rachel rode further on the subway than Sarah because _ gets sick on the ride."", ""option1"": ""Rachel"", ""option2"": ""Sarah"", ""answer"": ""2""}",2025-06-25T09:50:37.160337Z
476,1,ask,2025-06-25T15:10:42.115504Z,5541,43.439,"{""qID"": ""3YGYP13643NCWKEEYB8Z5DTLS4MRNG-1"", ""sentence"": ""Erin asked Sarah to be her agent, since _ was ignorant of the ins and outs of the music business."", ""option1"": ""Erin"", ""option2"": ""Sarah"", ""answer"": ""1""}",2025-06-25T15:10:42.115530Z
374,1,family,2025-06-25T09:33:07.620675Z,5570,11.807,"{""qID"": ""3PR3LXCWSHDB4EWW60VMCUKQPXZX9X-2"", ""sentence"": ""Kevin left Nick and their parents and started a new life, but _ decided to obey his father."", ""option1"": ""Kevin"", ""option2"": ""Nick"", ""answer"": ""2""}",2025-06-25T09:33:07.620697Z
433,1,ask,2025-06-25T14:38:51.444891Z,5571,140.846,"{""qID"": ""3VJ4PFXFJ35IY4DZ93MZWK8XC38AU7-1"", ""sentence"": ""Tanya is going to London for a week and Mary has already been there, so _ asked a lot of questions."", ""option1"": ""Tanya"", ""option2"": ""Mary"", ""answer"": ""1""}",2025-06-25T14:38:51.444912Z
434,1,ask,2025-06-25T14:39:04.272661Z,5593,11.284,"{""qID"": ""3M93N4X8HKLDKKOZE44CAITSCAGSJH-2"", ""sentence"": ""Mary asked Christine a lot of questions during the football game because _ knew everything about the game."", ""option1"": ""Mary"", ""option2"": ""Christine"", ""answer"": ""2""}",2025-06-25T14:39:04.272682Z
477,1,ask,2025-06-25T15:11:38.099447Z,5596,53.123,"{""qID"": ""3087LXLJ6OUC8YHY6A67DCJPHN10FK-2"", ""sentence"": ""Nick just got his passport that Nelson had asked him to get so _ could take him abroad."", ""option1"": ""Nick"", ""option2"": ""Nelson"", ""answer"": ""2""}",2025-06-25T15:11:38.099468Z
478,1,ask,2025-06-25T15:12:38.908262Z,5610,17.005000000000003,"{""qID"": ""3XBXDSS88AX65GX5VXYCH3BKOMALXZ-1"", ""sentence"": ""Logan asked Ian to go to the pet store with him to buy a gecko because he has 2 and _ has never owned one."", ""option1"": ""Logan"", ""option2"": ""Ian"", ""answer"": ""1""}",2025-06-25T15:12:38.908282Z
479,1,"{""choices"":[""ask"",""wealth""]}",2025-06-25T15:12:54.805090Z,5634,13.778,"{""qID"": ""3O71U79SRD3IFHTR1ZT4I89IBQ0MSS-1"", ""sentence"": ""Carrie asked Samantha for their share of the rent as _ was going to pay the rent."", ""option1"": ""Carrie"", ""option2"": ""Samantha"", ""answer"": ""1""}",2025-06-25T15:12:54.805121Z
413,1,sickness,2025-06-25T09:52:17.849462Z,5669,13.32,"{""qID"": ""3BFF0DJK8ZQMSCJBAWUG4M4A5YGTSK-2"", ""sentence"": ""The recovery was a lot shorter for Natalie than Betty, because _ injury was more severe."", ""option1"": ""Natalie"", ""option2"": ""Betty"", ""answer"": ""2""}",2025-06-25T09:52:17.849486Z
480,1,ask,2025-06-25T15:13:00.767156Z,5679,4.378,"{""qID"": ""3HEADTGN2R6P4PNN02UQFUNYE5MRVR-1"", ""sentence"": ""Leslie asked his neighbor Samuel to turn the music down because _ was trying to sleep."", ""option1"": ""Leslie"", ""option2"": ""Samuel"", ""answer"": ""1""}",2025-06-25T15:13:00.767195Z
329,1,friendship,2025-06-25T09:13:03.596255Z,5684,21.41,"{""qID"": ""3XJOUITW8W5AFW4YIS5B9MP9M8ITQD-1"", ""sentence"": ""James handed a box of items for his friend to carry but feeling lazy, his friend had his eyes on the bag because the _ is smaller."", ""option1"": ""bag"", ""option2"": ""box"", ""answer"": ""1""}",2025-06-25T09:13:03.596290Z
481,1,ask,2025-06-25T15:13:09.782006Z,5693,6.381,"{""qID"": ""3VEI3XUCZTBCZ5QREQLR92YGSJOPRB-2"", ""sentence"": ""The computer that Jessica was using belonged to Christine, so _ asked her to be very careful with it."", ""option1"": ""Jessica"", ""option2"": ""Christine"", ""answer"": ""2""}",2025-06-25T15:13:09.782027Z
457,1,ask,2025-06-25T15:00:59.342260Z,5705,12.126,"{""qID"": ""3T2HW4QDUXLN1GL1F4ZZYHZFNA59CO-1"", ""sentence"": ""Adam asked Hunter if they were planning on going to visit the doctor because _ wanted to know."", ""option1"": ""Adam"", ""option2"": ""Hunter"", ""answer"": ""1""}",2025-06-25T15:00:59.342296Z
291,1,"{""choices"":[""hesitation"",""DIY""]}",2025-06-24T09:17:39.329155Z,5714,61.46,"{""qID"": ""3XDJY5RK5UZIQ4WPK0O8BFA6ASG4U3-1"", ""sentence"": ""He wondered if he should glue the board to the metal, but the glue wouldn't stick to the _ when he tried."", ""option1"": ""metal"", ""option2"": ""board"", ""answer"": ""1""}",2025-06-24T09:17:39.329175Z
330,1,friendship,2025-06-25T09:13:23.784997Z,5733,18.238,"{""qID"": ""3B286OTISGVOED1CH2ULHGNUJCWJAR-1"", ""sentence"": ""Emily had to unfollow a friend on facebook and Sarah didn't because _ thought the views were extreme."", ""option1"": ""Emily"", ""option2"": ""Sarah"", ""answer"": ""1""}",2025-06-25T09:13:23.785020Z
482,1,ask,2025-06-25T15:13:36.535846Z,5754,25.195,"{""qID"": ""33TGB4G0LRVUOT5A46033UL2JB5TXA-2"", ""sentence"": ""James asked for a bag if they are paying him in cash and not a check because the _ is light."", ""option1"": ""cash"", ""option2"": ""check"", ""answer"": ""2""}",2025-06-25T15:13:36.535884Z
292,1,,2025-06-24T09:21:35.657094Z,5820,187.023,"{""qID"": ""35XW21VSVISY9ZB61NSPIVUS9AELS3-1"", ""sentence"": ""As he wondered around the room, Jim tried to overhear the conversation between his superiors, but the _ was too loud."", ""option1"": ""room"", ""option2"": ""conversation"", ""answer"": ""1""}",2025-06-24T09:21:35.657121Z
408,1,sickness,2025-06-25T09:50:58.990850Z,5821,9.893,"{""qID"": ""3WA2XVDZEOVFGV3HDO2I4V8GIZLE6E-1"", ""sentence"": ""Monica was at home sick with a cold, so Felicia bought some oranges to help _ get over the infection."", ""option1"": ""Monica"", ""option2"": ""Felicia"", ""answer"": ""1""}",2025-06-25T09:50:58.990888Z
359,1,family,2025-06-25T09:26:23.119744Z,5906,9.853,"{""qID"": ""3ICOHX7ENEPK2KH2BZM1VUYP56L0E5-1"", ""sentence"": ""Laura didn't feel comfortable having Jennifer around their family, because _ wanted to isolate them."", ""option1"": ""Laura"", ""option2"": ""Jennifer"", ""answer"": ""1""}",2025-06-25T09:26:23.119765Z
409,1,sickness,2025-06-25T09:51:15.483114Z,5935,13.423,"{""qID"": ""3VW0145YL0QPGEA1E5KQQ7IUDVGMJD-1"", ""sentence"": ""Erin refused to take the medications that Christine gave them, even though _ was constantly sick."", ""option1"": ""Erin"", ""option2"": ""Christine"", ""answer"": ""1""}",2025-06-25T09:51:15.483135Z
360,1,"{""choices"":[""friendship"",""family""]}",2025-06-25T09:26:50.378575Z,6011,25.935,"{""qID"": ""3G9UA71JVVSR1M47Q161FRXWPX27JA-1"", ""sentence"": ""Brian had a more close knit family than Adam who was from a broken home, so _ seemed friendlier."", ""option1"": ""Brian"", ""option2"": ""Adam"", ""answer"": ""1""}",2025-06-25T09:26:50.378596Z
331,1,"{""choices"":[""friendship"",""family"",""success""]}",2025-06-25T09:14:05.230226Z,6023,39.687,"{""qID"": ""3BFNCI9LYM4VAX1P7EQERI4FMB273I-1"", ""sentence"": ""Jennifer offered to teach her friend Natalie how to crochet a scarf for her mother's birthday. _ was proud to see the results of her tutoring."", ""option1"": ""Jennifer"", ""option2"": ""Natalie"", ""answer"": ""1""}",2025-06-25T09:14:05.230255Z
435,1,,2025-06-25T14:39:15.953181Z,6060,10.027,"{""qID"": ""31MBOZ6PAQ5I2IMA412P3QQAN29CL7-1"", ""sentence"": ""She knew the questions on the math test and not the reading test since the _ test was on a longer timer."", ""option1"": ""math"", ""option2"": ""reading"", ""answer"": ""1""}",2025-06-25T14:39:15.953233Z
375,1,"{""choices"":[""family"",""chores""]}",2025-06-25T09:33:27.173859Z,6098,18.264,"{""qID"": ""3VEI3XUCZRVX5GRKUS9RH4A8Z6WRPJ-1"", ""sentence"": ""Tanya yelled at Carrie because _ had reminded her to clean out the garage before father came home."", ""option1"": ""Tanya"", ""option2"": ""Carrie"", ""answer"": ""1""}",2025-06-25T09:33:27.173880Z
361,1,family,2025-06-25T09:27:08.937847Z,6105,16.449,"{""qID"": ""34HEO7RUG885C1KPP73UJ79LTTQRAR-1"", ""sentence"": ""Betty took a lot of Polaroid pictures on their vacation while Laura took plenty of videos. _ gave their family a photo album of their trip."", ""option1"": ""Betty"", ""option2"": ""Laura"", ""answer"": ""1""}",2025-06-25T09:27:08.937906Z
410,1,sickness,2025-06-25T09:51:30.411019Z,6147,13.607,"{""qID"": ""3YKP7CX6G4T0DS52M75K912RADSB7A-2"", ""sentence"": ""Matthew takes his pet rabbit in to see Brett when it gets sick. This is because _ is a concerned pet vet."", ""option1"": ""Matthew"", ""option2"": ""Brett"", ""answer"": ""2""}",2025-06-25T09:51:30.411065Z
414,1,sickness,2025-06-25T09:52:39.266359Z,6290,10.567,"{""qID"": ""35O6H0UNLUUR87PVM6349578R2SJ5Q-2"", ""sentence"": ""Patricia got bit by a snake while camping and Mary got bit by a mosquito. _ was itchy from their injury."", ""option1"": ""Patricia"", ""option2"": ""Mary"", ""answer"": ""2""}",2025-06-25T09:52:39.266400Z
362,1,"{""choices"":[""ask"",""family"",""chores""]}",2025-06-25T09:27:35.382116Z,6346,24.941,"{""qID"": ""3RQVKZ7ZRMX6PF563EC988ZOHYA27F-2"", ""sentence"": ""Logan demanded that Robert clean the upholstery in the family car, because _ was the one who made the stain."", ""option1"": ""Logan"", ""option2"": ""Robert"", ""answer"": ""2""}",2025-06-25T09:27:35.382136Z
436,1,,2025-06-25T14:39:49.558246Z,6399,15.975,"{""qID"": ""3WGCNLZJKF60NEPDRP3HBJB6M8V1DM-2"", ""sentence"": ""We were unable to calculate the solution to the math problem, but we found the answer to the english question. The _ was convoluted."", ""option1"": ""question"", ""option2"": ""problem"", ""answer"": ""2""}",2025-06-25T14:39:49.558268Z
411,1,sickness,2025-06-25T09:51:45.773502Z,6453,13.942,"{""qID"": ""3ATYLI1PRVGDGHVDRLZ3IB70A72OJT-1"", ""sentence"": ""So _ went to the hospital because Amy was sick while Mary was actually getting better."", ""option1"": ""Amy"", ""option2"": ""Mary"", ""answer"": ""1""}",2025-06-25T09:51:45.773544Z
363,1,"{""choices"":[""family"",""chores""]}",2025-06-25T09:28:04.516761Z,6528,27.803,"{""qID"": ""3JUDR1D0D6P118BEFF9FG1SAXUD2QQ-2"", ""sentence"": ""Darlene was making a casserole and decided to top it with tater tots instead of potato chips because her family had already had it with the _ before."", ""option1"": ""tater tots"", ""option2"": ""potato chips"", ""answer"": ""2""}",2025-06-25T09:28:04.516783Z
412,1,sickness,2025-06-25T09:51:54.678023Z,6587,7.124,"{""qID"": ""379OL9DBSUS04JM6BWHOV8RZR3SY93-1"", ""sentence"": ""Amy was grateful to Patricia for giving her some nausea medication, because _ felt really sick."", ""option1"": ""Amy"", ""option2"": ""Patricia"", ""answer"": ""1""}",2025-06-25T09:51:54.678044Z
364,1,"{""choices"":[""family"",""wealth""]}",2025-06-25T09:28:41.564052Z,6661,35.747,"{""qID"": ""337F8MIIMZBNGTL22VYOUAYQZN1049-2"", ""sentence"": ""When it came to divorce time, Erin had a good family lawyer and Cynthia did not, so _ came out with less assets."", ""option1"": ""Erin"", ""option2"": ""Cynthia"", ""answer"": ""2""}",2025-06-25T09:28:41.564092Z
293,1,hesitation,2025-06-24T09:22:00.911052Z,6674,23.829,"{""qID"": ""3FVBZG9CLLSWMU8410U7GXV3Y8A0HT-2"", ""sentence"": ""The dog looked at the fence and the gate and wondered if it would be best to go through the _ ."", ""option1"": ""fence"", ""option2"": ""gate"", ""answer"": ""2""}",2025-06-24T09:22:00.911113Z
365,1,family,2025-06-25T09:29:08.423321Z,6677,25.629,"{""qID"": ""3PUOXASB571LFKX4NK77HHCS8389ZJ-2"", ""sentence"": ""For a trip to the Rocky Mountains, Monica\u2019s family brought along the sleds instead of the skis because the kids had never been on the _ ."", ""option1"": ""sleds"", ""option2"": ""skis"", ""answer"": ""2""}",2025-06-25T09:29:08.423362Z
294,1,hesitation,2025-06-24T09:22:19.062549Z,6794,16.67,"{""qID"": ""3R5LWXWHR2MQJOJ4K61W4B6DTAUGX7-1"", ""sentence"": ""Ryan wondered if Donald thought he was an enemy, but _ was probably being paranoid."", ""option1"": ""Ryan"", ""option2"": ""Donald"", ""answer"": ""1""}",2025-06-24T09:22:19.062635Z
332,1,friendship,2025-06-25T09:14:20.973021Z,6796,14.141,"{""qID"": ""31ANT7FQNAGVH1U5Y60JXSRUGCB5H2-1"", ""sentence"": ""I prefer to communicate on paper while my friend likes to communicate on a computer screen by texting. She thinks words look better on the _ ."", ""option1"": ""computer screen"", ""option2"": ""paper"", ""answer"": ""1""}",2025-06-25T09:14:20.973053Z
256,1,"{""choices"":[""chores"",""sickness""]}",2025-06-24T08:56:19.408396Z,6809,17.531,"{""qID"": ""3XBXDSS88AX65GX5VXYCH3BKOA6LX7-1"", ""sentence"": ""Rachel has more trouble doing daily chores than Elena, because _ suffers from clinical depression."", ""option1"": ""Rachel"", ""option2"": ""Elena"", ""answer"": ""1""}",2025-06-24T08:56:19.408493Z
437,1,"{""choices"":[""ask"",""sickness""]}",2025-06-25T14:41:10.139993Z,6916,78.964,"{""qID"": ""3XH7ZM9YX48R7IAKX1PUNCY2OGE9RD-1"", ""sentence"": ""Rebecca treated Victoria's hemorrhoids and _ spent time after answering questions about how to treat it."", ""option1"": ""Rebecca"", ""option2"": ""Victoria"", ""answer"": ""1""}",2025-06-25T14:41:10.140023Z
376,1,,2025-06-25T09:33:46.324100Z,6962,17.79,"{""qID"": ""3UEDKCTP9VOMC6AP8M6DG6X994O7K0-1"", ""sentence"": ""The ball was thrown father than the disc, because the _ was a lot lighter."", ""option1"": ""ball"", ""option2"": ""disc"", ""answer"": ""1""}",2025-06-25T09:33:46.324133Z
295,1,,2025-06-24T09:22:39.583992Z,7109,19.159,"{""qID"": ""378G7J1SJLWYGLJGK83MARJLIX4WE8-1"", ""sentence"": ""Jade ordered sushi and steak at the fusion restaurant, but could only eat the steak because the _ tasted wonderful."", ""option1"": ""steak"", ""option2"": ""sushi"", ""answer"": ""1""}",2025-06-24T09:22:39.584045Z
415,1,sickness,2025-06-25T09:52:49.051187Z,7181,8.428,"{""qID"": ""3XBXDSS888HRBRYYBZMCP5NCVJBLXI-2"", ""sentence"": ""Strength-training is a good idea for Adam but not Matthew because _ is recovering from an injury."", ""option1"": ""Adam"", ""option2"": ""Matthew"", ""answer"": ""2""}",2025-06-25T09:52:49.051213Z
333,1,"{""choices"":[""ask"",""friendship""]}",2025-06-25T09:14:34.135839Z,7237,11.578,"{""qID"": ""3SNR5F7R947V9FYIFPB71YYLRE0IE8-2"", ""sentence"": ""Felicia is being emotionally abused and asks her friend Erin for help, and _ feels like helping."", ""option1"": ""Felicia"", ""option2"": ""Erin"", ""answer"": ""2""}",2025-06-25T09:14:34.135860Z
257,1,chores,2025-06-24T08:57:17.265276Z,7252,55.94,"{""qID"": ""3TZDZ3Y0JS4OKOCWF9YFPNSGVNZ91W-1"", ""sentence"": ""Bob needed to get some chores done. Chase was a mile away and Taco Cabana was two miles away. He traveled to the _ first because it was nearer."", ""option1"": ""Chase"", ""option2"": ""Taco Cabana"", ""answer"": ""1""}",2025-06-24T08:57:17.265317Z
296,1,hesitation,2025-06-24T09:22:54.914112Z,7572,13.92,"{""qID"": ""3WGZLY9VCJ0XS385A8OWIRMNP1N8DJ-2"", ""sentence"": ""If you wonder whether to use a pen or a pencil to do your homework, the _ is easier to fix later."", ""option1"": ""pen"", ""option2"": ""pencil"", ""answer"": ""2""}",2025-06-24T09:22:54.914186Z
438,1,,2025-06-25T14:42:29.353228Z,7593,77.468,"{""qID"": ""360ZO6N6J3X0A2XSSTTD1D4SIY39MN-2"", ""sentence"": ""The bureau handled tax questions but regulation questions were sent to the administration, as the _ was authoritative in regulatory matters."", ""option1"": ""bureau"", ""option2"": ""administration"", ""answer"": ""2""}",2025-06-25T14:42:29.353249Z
334,1,friendship,2025-06-25T09:14:47.716273Z,7636,12.099,"{""qID"": ""3PA41K45VPI2HM6C5CNL4L7HS827P7-1"", ""sentence"": ""Although she was mad at both, the friend felt more betrayed by Emily than Kayla because _  had told the secret."", ""option1"": ""Emily"", ""option2"": ""Kayla"", ""answer"": ""1""}",2025-06-25T09:14:47.716294Z
258,1,chores,2025-06-24T08:57:48.186449Z,7736,29.343,"{""qID"": ""3S1WOPCJFI7R4QIOX7W7DZDL4RUJEM-1"", ""sentence"": ""Amy was scolded by Natalie for not emptying the litter box because it was _ 's turn to do the chore."", ""option1"": ""Amy"", ""option2"": ""Natalie"", ""answer"": ""1""}",2025-06-24T08:57:48.186470Z
297,1,,2025-06-24T09:23:40.571477Z,7778,32.779,"{""qID"": ""33TGB4G0LRVUOT5A46033UL2KCSTX0-2"", ""sentence"": ""The kids abused the slides in the playground, but took better care of the swings.  They just thought the _ were a wonderful ride."", ""option1"": ""slides"", ""option2"": ""swings"", ""answer"": ""2""}",2025-06-24T09:23:40.571501Z
390,1,hesitation,2025-06-25T09:42:02.869226Z,7848,13.33,"{""qID"": ""3HEA4ZVWVF0J18AAX4ZA8VO39MP55O-2"", ""sentence"": ""The couple couldn't decide whether to get a new refrigerator or new laundry machine. They went with the latter because their old _ was dilapidated."", ""option1"": ""refrigerator"", ""option2"": ""laundry machine"", ""answer"": ""2""}",2025-06-25T09:42:02.869246Z
335,1,friendship,2025-06-25T09:14:59.909843Z,7899,10.716,"{""qID"": ""3VJ4PFXFJ5LXSTC6T1YZOIW50WEAU6-1"", ""sentence"": ""Elena is buying a coloured contacts for her friend Carrie, because _ wants to surprise her."", ""option1"": ""Elena"", ""option2"": ""Carrie"", ""answer"": ""1""}",2025-06-25T09:14:59.909863Z
439,1,ask,2025-06-25T14:43:04.910416Z,8017,19.472,"{""qID"": ""37AQKJ12TXM8DNXJFYN6MTCNCYLTTI-1"", ""sentence"": ""At the dance, Samantha is asked rude questions by Rebecca because _ is a victim."", ""option1"": ""Samantha"", ""option2"": ""Rebecca"", ""answer"": ""1""}",2025-06-25T14:43:04.910449Z
336,1,friendship,2025-06-25T09:15:11.454369Z,8031,8.382,"{""qID"": ""32TZXEA1OLINNI6KYE2O8FH09XM410-2"", ""sentence"": ""Randy explained to his friend Hunter the rules to Australian Football.  _ was intrigued."", ""option1"": ""Randy"", ""option2"": ""Hunter"", ""answer"": ""2""}",2025-06-25T09:15:11.454389Z
259,1,chores,2025-06-24T08:58:05.180716Z,8054,8.401,"{""qID"": ""3D4BBDG7ZHUMSPXEEXMPF68LUC1C3S-2"", ""sentence"": ""Cynthia took out the trash while Maria did the dishes, and _ did their chores indoors."", ""option1"": ""Cynthia"", ""option2"": ""Maria"", ""answer"": ""2""}",2025-06-24T08:58:05.180742Z
337,1,friendship,2025-06-25T09:16:12.792232Z,8181,28.756,"{""qID"": ""301KG0KX9EZ3I4BIGNYLZLOIV8A2HZ-1"", ""sentence"": ""James started to pant on his way to the park, so he branched his friend house and rest because the _ is far."", ""option1"": ""park"", ""option2"": ""house"", ""answer"": ""1""}",2025-06-25T09:16:12.792275Z
384,1,hesitation,2025-06-25T09:39:23.421420Z,8364,12.632,"{""qID"": ""3IHWR4LC7DBZ6PPKIOD7HQERSKLI83-1"", ""sentence"": ""Angela wondered how Sarah had such a glossy, youthful face for her age because _ had wrinkles on her face."", ""option1"": ""Angela"", ""option2"": ""Sarah"", ""answer"": ""1""}",2025-06-25T09:39:23.421444Z
416,1,sickness,2025-06-25T09:53:02.423659Z,8547,12.095,"{""qID"": ""388FBO7JZRR6ZWRTS8OTLBYA704YN3-1"", ""sentence"": ""Beth felt more pain from the tailbone injury than the minor cut as the _ was impacted more body parts."", ""option1"": ""tailbone injury"", ""option2"": ""minor cut"", ""answer"": ""1""}",2025-06-25T09:53:02.423704Z
338,1,friendship,2025-06-25T09:17:18.681110Z,8747,64.459,"{""qID"": ""3WRBLBQ2GTMIMYDTHUCPVXJ1IY3G0T-2"", ""sentence"": ""Neil wanted to help his good friend Benjamin quit smoking for _ was an current smoker."", ""option1"": ""Neil"", ""option2"": ""Benjamin"", ""answer"": ""2""}",2025-06-25T09:17:18.681154Z
391,1,hesitation,2025-06-25T09:42:20.066167Z,8843,15.885,"{""qID"": ""3GONHBMNHVW0M4GYCTBCM3IC84YMZI-2"", ""sentence"": ""They debated whether or not to buy antique or modern furniture as the _ look was more contemporary."", ""option1"": ""antique"", ""option2"": ""modern"", ""answer"": ""2""}",2025-06-25T09:42:20.066263Z
339,1,friendship,2025-06-25T09:17:29.328978Z,8952,9.326,"{""qID"": ""3RSBJ6YZECOIHQAAOXWIBFRZMHWFOA-2"", ""sentence"": ""Christopher took a trip and went to visit Brett's home in Asia because _ wanted to have a friend to visit."", ""option1"": ""Christopher"", ""option2"": ""Brett"", ""answer"": ""2""}",2025-06-25T09:17:29.328999Z
340,1,"{""choices"":[""ask"",""friendship""]}",2025-06-25T09:17:50.313896Z,9000,19.645,"{""qID"": ""36D1BWBEHPFPAICT7KEYRQWECN52MQ-1"", ""sentence"": ""Tanya wants to grow dahlias in a pot so she asks her friend Katrina if she wants to join her, because _ doesn't want to do it herself."", ""option1"": ""Tanya"", ""option2"": ""Katrina"", ""answer"": ""1""}",2025-06-25T09:17:50.313931Z
440,1,ask,2025-06-25T14:44:46.269211Z,9032,22.015,"{""qID"": ""3M7OI89LVYMLP8KWXZKNM9K54ZJ6C0-2"", ""sentence"": ""Amy had to take a defensive driving course and Jennifer had already taken one, so _ answered all kinds of questions about it."", ""option1"": ""Amy"", ""option2"": ""Jennifer"", ""answer"": ""2""}",2025-06-25T14:44:46.269238Z
341,1,friendship,2025-06-25T09:18:04.256217Z,9108,12.613,"{""qID"": ""33NOQL7T9QD0V4D12QDT9J5QEU4Z83-1"", ""sentence"": ""I was impressed with the behavior of my friend but not the attitude of his friend, because the _ was polite."", ""option1"": ""behavior"", ""option2"": ""attitude"", ""answer"": ""1""}",2025-06-25T09:18:04.256237Z
342,1,friendship,2025-06-25T09:18:26.427524Z,9178,20.661,"{""qID"": ""38O9DZ0A641NLFR1K47H2UZSNS2263-2"", ""sentence"": ""Francois wanted to take a bath with his new scented salt, but his friend convinced him to try the bath oil instead because the _ smelled so good."", ""option1"": ""salt"", ""option2"": ""oil"", ""answer"": ""2""}",2025-06-25T09:18:26.427545Z
343,1,"{""choices"":[""ask"",""friendship""]}",2025-06-25T09:18:57.369182Z,9184,29.594,"{""qID"": ""3XD2A6FGFP838XAXCQPZDM3YBRDS9J-2"", ""sentence"": ""Electronics were foreign to Adam so he asked his friend Neil who was an electrician since _ was a professional."", ""option1"": ""Adam"", ""option2"": ""Neil"", ""answer"": ""2""}",2025-06-25T09:18:57.369202Z
260,1,chores,2025-06-24T08:58:25.585207Z,9252,14.099,"{""qID"": ""3P458N04Q1FLA5CQ1T47A9O3PGQ2XA-2"", ""sentence"": ""Donald's least favorite chore was cleaning the toilet, so Ian always did it. _ was mad they have to do it."", ""option1"": ""Donald"", ""option2"": ""Ian"", ""answer"": ""2""}",2025-06-24T08:58:25.585230Z
261,1,DIY,2025-06-24T08:58:50.065362Z,9422,22.613,"{""qID"": ""3VAOOVPI3ZQWBXH9XGJOEBSPO6CLLZ-1"", ""sentence"": ""Painting the garage was a pleasure to Jeffrey but not to Justin, as _ loved the quiet nature of the chore."", ""option1"": ""Jeffrey"", ""option2"": ""Justin"", ""answer"": ""1""}",2025-06-24T08:58:50.065384Z
344,1,friendship,2025-06-25T09:19:52.976192Z,9504,8.735,"{""qID"": ""33NKDW9FFZWD2C3ZIK5DEKLYWP1XCS-1"", ""sentence"": ""My friend hated the piano lessons but loved the guitar courses because the _ were lame."", ""option1"": ""lessons"", ""option2"": ""courses"", ""answer"": ""1""}",2025-06-25T09:19:52.976216Z
441,1,ask,2025-06-25T14:45:15.236399Z,9561,27.212,"{""qID"": ""3XAOZ9UYRZPUCNTIWB91BII506U1QY-2"", ""sentence"": ""During a job interview, Matthew asked Christopher about their prior jobs because _ avoided the question."", ""option1"": ""Matthew"", ""option2"": ""Christopher"", ""answer"": ""2""}",2025-06-25T14:45:15.236423Z
417,1,sickness,2025-06-25T09:53:12.823134Z,9614,9.208,"{""qID"": ""3EKZL9T8YA0GGM3KDGNRBYX47ZNHCN-1"", ""sentence"": ""I would bring a personal injury claim instead of an emotional distress claim since the _ is easier to prove."", ""option1"": ""personal injury claim"", ""option2"": ""emotional distress"", ""answer"": ""1""}",2025-06-25T09:53:12.823158Z
345,1,friendship,2025-06-25T09:20:09.745322Z,9676,15.421,"{""qID"": ""3APP19WN71CY6K01ZLG6C05K7CN6GX-2"", ""sentence"": ""I decided to write my dear friend from Asia by email instead of written letter because the _ would get there slower."", ""option1"": ""email"", ""option2"": ""letter"", ""answer"": ""2""}",2025-06-25T09:20:09.745343Z
346,1,friendship,2025-06-25T09:20:32.596832Z,9795,21.299,"{""qID"": ""3ZC62PVYDJO15AEU9G10SX67VK8XXZ-2"", ""sentence"": ""Mary's friend liked driving a go cart over a bike because she was more indifferent about the _ ."", ""option1"": ""cart"", ""option2"": ""bike"", ""answer"": ""2""}",2025-06-25T09:20:32.596853Z
442,1,ask,2025-06-25T14:45:31.439221Z,9806,14.938,"{""qID"": ""375VMB7D4LXQH9KIJU0NVGG0R04IDG-2"", ""sentence"": ""Benjamin was more likely to ask questions during class than Joel because _ did not find the material interesting."", ""option1"": ""Benjamin"", ""option2"": ""Joel"", ""answer"": ""2""}",2025-06-25T14:45:31.439257Z
347,1,"{""choices"":[""friendship"",""wealth"",""sickness""]}",2025-06-25T09:21:02.489137Z,9831,33.461,"{""qID"": ""30F94FBDNTYNBQ29ZA8LEXU9Z06BTP-1"", ""sentence"": ""Leslie saw that Brian was getting more and more in debt because of his addiction. _ wanted his friend to stop gambling."", ""option1"": ""Leslie"", ""option2"": ""Brian"", ""answer"": ""1""}",2025-06-25T09:21:08.258434Z
348,1,friendship,2025-06-25T09:22:09.178363Z,10331,54.257,"{""qID"": ""3KVQ0UJWPZZDERPUT5MJYV1HV205WI-2"", ""sentence"": ""Mary chose to buy her friend chocolates over flowers for the Birthday. The _ were too expensive."", ""option1"": ""chocolates"", ""option2"": ""flowers"", ""answer"": ""2""}",2025-06-25T09:22:09.178404Z
385,1,hesitation,2025-06-25T09:40:19.900604Z,10393,13.252,"{""qID"": ""3D4BBDG7ZHUMSPXEEXMPF68LUE5C30-1"", ""sentence"": ""Laura wondered if Felicia was French because _ heard her speak with an accent that was familiar."", ""option1"": ""Laura"", ""option2"": ""Felicia"", ""answer"": ""1""}",2025-06-25T09:40:19.900631Z
443,1,ask,2025-06-25T14:46:54.446187Z,10413,15.496,"{""qID"": ""3ZG552ORAOI80562LCFPEMFQ2FV2VG-1"", ""sentence"": ""Natalie took their dog to Erin to treat ringworm so _ asked questions on how to take care of them after."", ""option1"": ""Natalie"", ""option2"": ""Erin"", ""answer"": ""1""}",2025-06-25T14:46:54.446227Z
349,1,friendship,2025-06-25T09:22:17.498096Z,10472,6.977,"{""qID"": ""3MWOYZD5WVMU5INRMLFVJK08TLONOQ-1"", ""sentence"": ""The portfolio of my friend was better than my profile, because the _ was detailed."", ""option1"": ""portfolio"", ""option2"": ""profile"", ""answer"": ""1""}",2025-06-25T09:22:17.498139Z
350,1,"{""choices"":[""friendship"",""family""]}",2025-06-25T09:22:37.289321Z,10514,18.225,"{""qID"": ""3L2OEKSTW98LWP4PM6ZA3E8FI3M8Y2-2"", ""sentence"": ""My friend had an amazing lineage that was better than my ancestry because the _ of me was dull."", ""option1"": ""lineage"", ""option2"": ""ancestry"", ""answer"": ""2""}",2025-06-25T09:22:37.289345Z
351,1,friendship,2025-06-25T09:22:48.593838Z,10546,8.229,"{""qID"": ""3I7SHAD35OAWWJ9ZDWVTNHDLM0GM76-1"", ""sentence"": ""Lindsey wanted to learn how to make another friend but not Jennifer because _ was lonely."", ""option1"": ""Lindsey"", ""option2"": ""Jennifer"", ""answer"": ""1""}",2025-06-25T09:22:48.593959Z
262,1,chores,2025-06-24T08:59:43.725230Z,10584,51.873,"{""qID"": ""34ZTTGSNJZ2KAND3IYOMV3MLCGGHQP-1"", ""sentence"": ""Justin found cleaning the oven to be a chore so Joseph bought him oven cleaner since _ complains."", ""option1"": ""Justin"", ""option2"": ""Joseph"", ""answer"": ""1""}",2025-06-24T08:59:43.725293Z
352,1,friendship,2025-06-25T09:23:20.915338Z,10967,31.116,"{""qID"": ""3I6NF2WGIGU2NG0NU261KURK6XKG5Q-1"", ""sentence"": ""Hunter is starting to dislike Samuel's friend because _ is jealous of the new relationship."", ""option1"": ""Hunter"", ""option2"": ""Samuel"", ""answer"": ""1""}",2025-06-25T09:23:20.915383Z
353,1,friendship,2025-06-25T09:23:36.868625Z,10969,14.043,"{""qID"": ""33NOQL7T9QD0V4D12QDT9J5QDRF8ZG-1"", ""sentence"": ""Aaron was really upset that they had treated their friend Ian badly, so to make it for it _ gave a gift to them."", ""option1"": ""Aaron"", ""option2"": ""Ian"", ""answer"": ""1""}",2025-06-25T09:23:36.868658Z
458,1,"{""choices"":[""ask"",""chores""]}",2025-06-25T15:01:25.544454Z,10987,11.358,"{""qID"": ""3PN6H8C9R4OWH22DN8WAMK49Q5XDAO-1"", ""sentence"": ""Aaron wanted to know how to clean a deck and asked Michael, since _ forgot how to do it."", ""option1"": ""Aaron"", ""option2"": ""Michael"", ""answer"": ""1""}",2025-06-25T15:01:25.544494Z
354,1,"{""choices"":[""friendship"",""family""]}",2025-06-25T09:24:01.042002Z,11124,22.852,"{""qID"": ""3R4QIDVOJPA4ZLXPZ89GOLCLBVWEEB-1"", ""sentence"": ""Kayla was sad about a friend moving and Monica was amused so the mom showed _ compassion."", ""option1"": ""Kayla"", ""option2"": ""Monica"", ""answer"": ""1""}",2025-06-25T09:24:01.042022Z
418,1,sickness,2025-06-25T09:53:21.768645Z,11127,7.57,"{""qID"": ""35F6NGNVMAX09EZJMTW59V8EHBN7TC-1"", ""sentence"": ""Steven put rubbing alcohol on Benjamin's injury, because _ was a trained nurse and knew it would help."", ""option1"": ""Steven"", ""option2"": ""Benjamin"", ""answer"": ""1""}",2025-06-25T09:53:21.768679Z
419,1,sickness,2025-06-25T09:53:35.876787Z,11268,12.895,"{""qID"": ""39XCQ6V3KY20QNBHIPXF83EVH4J56Q-2"", ""sentence"": ""Joseph helped Ryan get their range of motion back after their injury, because _ was more stiff."", ""option1"": ""Joseph"", ""option2"": ""Ryan"", ""answer"": ""2""}",2025-06-25T09:53:35.876813Z
420,1,sickness,2025-06-25T09:54:01.906640Z,11270,24.591,"{""qID"": ""3KTZHH2ONKT0WXEIN1NZ1H9HZVO8M7-2"", ""sentence"": ""Back pain is the worst I don't think it can compare to a leg injury. With the _ pain I'm not able to get around at all."", ""option1"": ""leg"", ""option2"": ""back"", ""answer"": ""2""}",2025-06-25T09:54:01.906809Z
392,1,ask,2025-06-25T09:42:40.460017Z,11528,18.662,"{""qID"": ""3NFWQRSHVGS9J2SJKCVAY465O4QGF3-2"", ""sentence"": ""Laura has recently bought a diamond and asks for Jessica's opinion whether the diamond is real, because _ is a diamond expert."", ""option1"": ""Laura"", ""option2"": ""Jessica"", ""answer"": ""2""}",2025-06-25T09:42:40.460037Z
421,1,sickness,2025-06-25T09:54:10.834980Z,11653,7.594,"{""qID"": ""302U8RURJZZPV2WONX19ECUGPJ0VNP-2"", ""sentence"": ""Neil has been to the hospital for injury many times while Michael only once, you can say _ is careful."", ""option1"": ""Neil"", ""option2"": ""Michael"", ""answer"": ""2""}",2025-06-25T09:54:10.835015Z
444,1,"{""choices"":[""ask"",""sickness""]}",2025-06-25T14:48:32.947619Z,11943,86.679,"{""qID"": ""3566S7OX5DHK65O30C0VBR1AVJ1175-1"", ""sentence"": ""Jennifer was worried about the side effects of the medication Natalie had prescribed, so _ asked several questions."", ""option1"": ""Jennifer"", ""option2"": ""Natalie"", ""answer"": ""1""}",2025-06-25T14:48:32.947655Z
428,1,sickness,2025-06-25T09:56:30.976762Z,12097,12.556,"{""qID"": ""3GS542CVJX122VCM0UCRKBT6X7595Y-1"", ""sentence"": ""The scars of Benjamin haven't gone away, but Justin's are disappearing. _ uses an ineffective scar cream."", ""option1"": ""Benjamin"", ""option2"": ""Justin"", ""answer"": ""1""}",2025-06-25T09:56:30.976785Z
445,1,ask,2025-06-25T14:48:51.100256Z,12226,16.684,"{""qID"": ""3VADEH0UHCV96VRX9H9W7EF4L95PSX-2"", ""sentence"": ""Emily was switching over to kosher and organic foods and asked Tanya some questions because _ always purchased kosher and organic foods."", ""option1"": ""Emily"", ""option2"": ""Tanya"", ""answer"": ""2""}",2025-06-25T14:48:51.100318Z
422,1,sickness,2025-06-25T09:54:20.964369Z,12245,8.604,"{""qID"": ""31JUPBOORPIGQFWXNPMK14USYI7L8A-1"", ""sentence"": ""Felicia had her injury tended to by Jennifer , as _ had little skill with medical treatments."", ""option1"": ""Felicia"", ""option2"": ""Jennifer"", ""answer"": ""1""}",2025-06-25T09:54:20.964394Z
393,1,hesitation,2025-06-25T09:42:56.524849Z,12443,14.979,"{""qID"": ""37J05LC5AZXMCK4O1CLN7HV044IDJQ-1"", ""sentence"": ""The accountant was late for his appointment but couldn't decide whether to walk or take an Uber. He thought his destination was too close to take an _ ."", ""option1"": ""Uber"", ""option2"": ""walk"", ""answer"": ""1""}",2025-06-25T09:42:56.524872Z
300,1,hesitation,2025-06-24T09:27:13.239599Z,12533,13.584,"{""qID"": ""3WRKFXQBODLTFKF9FQN181Q2AY4IY5-1"", ""sentence"": ""After deliberating, she chose bell peppers rather than jalapenos at the grocery store because the _ are spicy."", ""option1"": ""jalapenos"", ""option2"": ""bell peppers"", ""answer"": ""1""}",2025-06-24T09:27:13.239623Z
263,1,"{""choices"":[""ask"",""family"",""chores""]}",2025-06-24T09:00:32.594616Z,12660,46.584,"{""qID"": ""3QXFBUZ4ZMUY2KP9F1Q9K478YQDUGM-1"", ""sentence"": ""John tried to do more chores and ask his wife more questions to improve their marriage, he hoped the _ would make his wife feel more cared for."", ""option1"": ""chores"", ""option2"": ""questions"", ""answer"": ""1""}",2025-06-24T09:00:32.594638Z
394,1,hesitation,2025-06-25T09:43:12.396246Z,13150,14.412,"{""qID"": ""33K3E8REWY9BQ9DM18P8CYPF6SUX8O-1"", ""sentence"": ""Mary wasn't sure whether to leave the country by plane or ship.  She ended up choosing the _ because she was afraid of heights."", ""option1"": ""ship"", ""option2"": ""plane"", ""answer"": ""1""}",2025-06-25T09:43:12.396358Z
423,1,sickness,2025-06-25T09:54:27.119224Z,13204,4.56,"{""qID"": ""3OPLMF3EU711TMJ1TRB3J1KMMCYNLN-1"", ""sentence"": ""Nelson was in a lot of pain from their injury but Samuel was well. _ had to get some painkillers from the doctor."", ""option1"": ""Nelson"", ""option2"": ""Samuel"", ""answer"": ""1""}",2025-06-25T09:54:27.119245Z
424,1,sickness,2025-06-25T09:54:44.015724Z,13366,15.693,"{""qID"": ""3VW0145YLYAAMPBUU78QY9UMKMXJMX-1"", ""sentence"": ""Jeffrey has a internal injury but Robert is not a doctor and doesn't even know about first aid, _ will not find any medical help from him."", ""option1"": ""Jeffrey"", ""option2"": ""Robert"", ""answer"": ""1""}",2025-06-25T09:54:44.015744Z
446,1,ask,2025-06-25T14:51:18.673595Z,13449,145.663,"{""qID"": ""32204AGAABAE39KIV47A9RUAB7IHGH-1"", ""sentence"": ""Jessica asked Erin many questions about activites in Washington because _ had never been there."", ""option1"": ""Jessica"", ""option2"": ""Erin"", ""answer"": ""1""}",2025-06-25T14:51:18.673631Z
429,1,sickness,2025-06-25T09:56:45.787418Z,13578,13.259,"{""qID"": ""3BPP3MA3TEYXZG6O0S8KTEQD85NELL-1"", ""sentence"": ""Bob saw that scab on his hand but not the scar on his elbow being that the _ is visible."", ""option1"": ""scab"", ""option2"": ""scar"", ""answer"": ""1""}",2025-06-25T09:56:45.787439Z
395,1,,2025-06-25T09:43:41.143897Z,13727,27.47,"{""qID"": ""37SOB9Z0SUBUPIQRB8ROANMGHPW3L0-2"", ""sentence"": ""The disagreement was over whether the train could fit on the bridge, as the _ may be too narrow."", ""option1"": ""train"", ""option2"": ""bridge"", ""answer"": ""2""}",2025-06-25T09:43:41.143918Z
425,1,sickness,2025-06-25T09:55:02.992730Z,13769,8.563,"{""qID"": ""3BFNCI9LYKOGG82INGEEZKG7TZ137D-2"", ""sentence"": ""Joseph sustained an injury while working out but Craig didn't because _ warmed up properly."", ""option1"": ""Joseph"", ""option2"": ""Craig"", ""answer"": ""2""}",2025-06-25T09:55:02.992773Z
264,1,chores,2025-06-24T09:01:36.184414Z,14179,61.64,"{""qID"": ""34D9ZRXCYT8HDGK24W3Z9HEHFTWASH-1"", ""sentence"": ""Perfecting the art of cooking was proven to be a chore compared to juggling because the _ art is more intricate."", ""option1"": ""cooking"", ""option2"": ""juggling"", ""answer"": ""1""}",2025-06-24T09:01:36.184454Z
447,1,ask,2025-06-25T14:52:08.464645Z,14324,37.218,"{""qID"": ""351S7I5UGBAVYWV1Q6ZQ3M7UIX6JNE-2"", ""sentence"": ""At the interview, Samuel provided a CV and spoke enthusiastically to Christopher about the job, and _ asked questions."", ""option1"": ""Samuel"", ""option2"": ""Christopher"", ""answer"": ""2""}",2025-06-25T14:52:08.464680Z
396,1,ask,2025-06-25T09:44:00.822476Z,14421,16.514,"{""qID"": ""3MWOYZD5WX29Z7MY6JRVBIOHIIBNOH-2"", ""sentence"": ""Felicia asked Rachel whether the medical procedure was perfectly safe, _ was confident it was."", ""option1"": ""Felicia"", ""option2"": ""Rachel"", ""answer"": ""2""}",2025-06-25T09:44:00.822497Z
448,1,ask,2025-06-25T14:53:11.644453Z,14552,50.444,"{""qID"": ""3G4VVJO6P1UQC1DWO6CU8QC3YS2PKV-2"", ""sentence"": ""When Tanya asked Emily questions about the dead cat found at the corner of the park, _ was forced to prevaricate."", ""option1"": ""Tanya"", ""option2"": ""Emily"", ""answer"": ""2""}",2025-06-25T14:53:11.644483Z
386,1,hesitation,2025-06-25T09:40:32.453943Z,15077,11.248,"{""qID"": ""33KMQD9OFLSDBG2C9QT44ZGVRDA779-1"", ""sentence"": ""Rebecca wondered how she and Jennifer would merge their furniture when they moved into the apartment, but _ soon realized it would be an easy task to manage."", ""option1"": ""Rebecca"", ""option2"": ""Jennifer"", ""answer"": ""1""}",2025-06-25T09:40:32.453965Z
265,1,chores,2025-06-24T09:01:57.338433Z,15256,15.374,"{""qID"": ""304QEQWKZPIRKMVKLFDX884VGC80OM-1"", ""sentence"": ""Jeffrey hated cleaning the refrigerator but Brett loved it. _ disliked cleaning and household chores."", ""option1"": ""Jeffrey"", ""option2"": ""Brett"", ""answer"": ""1""}",2025-06-24T09:01:57.338467Z
397,1,hesitation,2025-06-25T09:44:39.880518Z,15783,38.038,"{""qID"": ""3XWUWJ18TN4H72Q4Z6FQOJ8083PUUW-1"", ""sentence"": ""Jim was deciding whether to use a knife or a peeler to peel some ginger, and went with the _ because the knife was sharper."", ""option1"": ""knife"", ""option2"": ""peeler"", ""answer"": ""1""}",2025-06-25T09:44:39.880537Z
387,1,"{""choices"":[""ask"",""hesitation""]}",2025-06-25T09:40:43.099540Z,15838,9.289,"{""qID"": ""34D9ZRXCYRS2JRLVKYRZHJQ9MMFASA-1"", ""sentence"": ""Rebecca wondered how Maria kept so trim , so _ asked her for diet and exercise advice."", ""option1"": ""Rebecca"", ""option2"": ""Maria"", ""answer"": ""1""}",2025-06-25T09:40:43.099573Z
266,1,"{""choices"":[""ask"",""family"",""chores""]}",2025-06-24T09:02:33.852004Z,16445,31.615,"{""qID"": ""3DFYDSXB2YE8TMFAN7BCHHZOQ4CUJG-2"", ""sentence"": ""Tom wanted a piece of candy but he had not done the chores his mom asked him to do today.  Tom asked his _ about having the candy."", ""option1"": ""chores"", ""option2"": ""mom"", ""answer"": ""2""}",2025-06-24T09:02:33.852030Z
449,1,ask,2025-06-25T14:53:53.840564Z,17066,16.905,"{""qID"": ""3YGE63DIN8VZPV4MC147P2HHJJV0WW-2"", ""sentence"": ""Ian was unable to deal with Hunter's incessant talking, but _ continued to ask questions."", ""option1"": ""Ian"", ""option2"": ""Hunter"", ""answer"": ""2""}",2025-06-25T14:53:53.840590Z
267,1,chores,2025-06-24T09:02:55.358507Z,17515,19.168,"{""qID"": ""3N2YPY1GI6WL1WJBUYYQOP07BPFEVV-2"", ""sentence"": ""Samuel brought a giant vacuum cleaner and told Christopher to clean the floor because _ never did any chores."", ""option1"": ""Samuel"", ""option2"": ""Christopher"", ""answer"": ""2""}",2025-06-24T09:02:55.358698Z
286,1,"{""choices"":[""ask"",""hesitation""]}",2025-06-24T09:14:18.561410Z,18392,9.722,"{""qID"": ""3XUSYT70IVFFAE32F4BHPCG56BU0DN-1"", ""sentence"": ""Leslie hesitated before asking Kenneth, again, about the difference between poisonous and venemous; _ always forgot."", ""option1"": ""Leslie"", ""option2"": ""Kenneth"", ""answer"": ""1""}",2025-06-24T09:14:18.561431Z
388,1,hesitation,2025-06-25T09:40:52.623129Z,18631,8.285,"{""qID"": ""3VW0145YL0QPGEA1E5KQQ7IUD7WMJH-2"", ""sentence"": ""Angela wondered what brand of jeans Jennifer was wearing because _ was wearing an unusual logo."", ""option1"": ""Angela"", ""option2"": ""Jennifer"", ""answer"": ""2""}",2025-06-25T09:40:52.623150Z
450,1,ask,2025-06-25T14:54:43.677062Z,19356,12.341,"{""qID"": ""3LG268AV3AK82E115C5GFQZCECMERF-2"", ""sentence"": ""Jason asked a lot of questions in class and Randy never talked, therefore the teacher asked _ why they were so quiet."", ""option1"": ""Jason"", ""option2"": ""Randy"", ""answer"": ""2""}",2025-06-25T14:54:43.677112Z
459,1,ask,2025-06-25T15:02:59.671784Z,19830,18.145,"{""qID"": ""385MDVINFETLLQ4FI7QDZ5KLBVZJW2-1"", ""sentence"": ""Lindsey asked Laura if the new living room furniture had been expensive to purchase because _ wanted to know."", ""option1"": ""Lindsey"", ""option2"": ""Laura"", ""answer"": ""1""}",2025-06-25T15:02:59.671818Z
398,1,hesitation,2025-06-25T09:44:50.434989Z,20119,9.109,"{""qID"": ""35A1YQPVFGUVDW5P4OI4X4S9FRA5II-1"", ""sentence"": ""While camping in Kansas, we had to decide whether to go north or south next, so we chose the _ because we wanted to see the aurora borealis."", ""option1"": ""north"", ""option2"": ""south"", ""answer"": ""1""}",2025-06-25T09:44:50.435015Z
451,1,ask,2025-06-25T14:54:54.281766Z,20811,9.185,"{""qID"": ""3HXK2V1N4MTPI8G7WHG3ELCGF07G25-1"", ""sentence"": ""Dennis asked the cashier some question at the supermarket, Joseph helped him understand because _ had a heavy accent."", ""option1"": ""Dennis"", ""option2"": ""Joseph"", ""answer"": ""1""}",2025-06-25T14:54:54.281786Z
389,1,hesitation,2025-06-25T09:41:03.408488Z,21345,9.584,"{""qID"": ""3VI0PC2ZA0YEB1028PE49KFFL1WXOX-2"", ""sentence"": ""She wondered if the tea or milk would be a better drink, but the _ was the only option because of her diet."", ""option1"": ""milk"", ""option2"": ""tea"", ""answer"": ""2""}",2025-06-25T09:41:03.408508Z
287,1,hesitation,2025-06-24T09:14:35.747043Z,21405,15.774,"{""qID"": ""3EQPA8A374UALWAD9WYK6BQV48GZJ0-2"", ""sentence"": ""Mary jumped into the pool with enthusiasm, while Patricia hesitated, because _ was a weaker swimmer."", ""option1"": ""Mary"", ""option2"": ""Patricia"", ""answer"": ""2""}",2025-06-24T09:14:35.747064Z
452,1,ask,2025-06-25T14:55:58.612137Z,21805,9.184,"{""qID"": ""3LEG2HW4UFL4AJL51ZYL42OWLBT2FI-1"", ""sentence"": ""Eric worked in the electronics section at Walmart and Ian asked him a question so _ showed him where the WIFI routers were."", ""option1"": ""Eric"", ""option2"": ""Ian"", ""answer"": ""1""}",2025-06-25T14:55:58.612158Z
399,1,"{""choices"":[""hesitation"",""chores""]}",2025-06-25T09:45:03.996615Z,22103,12.106,"{""qID"": ""3HXCEECSQO7FAA4JFUBN8WTR5Q0YZ3-2"", ""sentence"": ""The man couldn't decide whether to cook on the stove inside or the grill outside. It was sunny, so the man chose the _ ."", ""option1"": ""stove"", ""option2"": ""grill"", ""answer"": ""2""}",2025-06-25T09:45:03.996635Z
460,1,ask,2025-06-25T15:03:27.565384Z,22891,4.427,"{""qID"": ""3QGHA0EA0JY09I7WAH1W9JD0ANSBWT-1"", ""sentence"": ""Maria asked Christine where she had bought her new computer, because _ wanted to know."", ""option1"": ""Maria"", ""option2"": ""Christine"", ""answer"": ""1""}",2025-06-25T15:03:27.565406Z
453,1,"{""choices"":[""ask"",""sickness""]}",2025-06-25T14:57:42.600631Z,22894,54.467,"{""qID"": ""3HRWUH63QWGNRXGG14VW2COP0MK5N3-2"", ""sentence"": ""Brian was treating Kevin's seizures so _ spent time asking questions on how to take care of it."", ""option1"": ""Brian"", ""option2"": ""Kevin"", ""answer"": ""2""}",2025-06-25T14:57:42.600665Z
400,1,,2025-06-25T09:45:31.025491Z,22921,24.975,"{""qID"": ""3AA88CN98RHKLF5XFT8DLH5F2X5KYK-1"", ""sentence"": ""People voted whether Robert's fancy red costume or Aaron's simple blue costume was the best superhero outfit, after the fancy red one won _ was happy."", ""option1"": ""Robert"", ""option2"": ""Aaron"", ""answer"": ""1""}",2025-06-25T09:45:31.025512Z
454,1,"{""choices"":[""ask"",""sickness""]}",2025-06-25T14:58:02.755214Z,23152,12.157,"{""qID"": ""3UEDKCTP9X416V9WSKID84LIYYWK7J-2"", ""sentence"": ""Joel diagnosed Logan with pulmonary edema and _ spent the day asking questions about treatment."", ""option1"": ""Joel"", ""option2"": ""Logan"", ""answer"": ""2""}",2025-06-25T14:58:02.755328Z
299,1,hesitation,2025-06-24T09:26:32.768507Z,23960,16.371,"{""qID"": ""3EGKVCRQFWQ4YN2WPIJKUGYGQ97BY4-2"", ""sentence"": ""At the women's aisle, Ursula ponders whether she should buy pads or tampons, and eventually picks the _ because they're less invasive."", ""option1"": ""tampons"", ""option2"": ""pads"", ""answer"": ""2""}",2025-06-24T09:26:32.768530Z
455,1,ask,2025-06-25T14:58:14.051741Z,24179,9.895,"{""qID"": ""3DIIW4IV8R9DHD1PQJZUSCMVFSH4I8-1"", ""sentence"": ""Betty was buying a car from Amy so _ had a lot of questions about the car."", ""option1"": ""Betty"", ""option2"": ""Amy"", ""answer"": ""1""}",2025-06-25T14:58:14.051761Z
